ID,LF2d_High_Fear,LF2d_High_Happy,d2LF_High_Fear,d2LF_High_Happy,LF2t_High_Fear,LF2t_High_Happy,t2LF_High_Fear,t2LF_High_Happy,LF2a_High_Fear,LF2a_High_Happy,a2LF_High_Fear,a2LF_High_Happy,LF2b_High_Fear,LF2b_High_Happy,b2LF_High_Fear,b2LF_High_Happy,LF2g_High_Fear,LF2g_High_Happy,g2LF_High_Fear,g2LF_High_Happy,HF2d_High_Fear,HF2d_High_Happy,d2HF_High_Fear,d2HF_High_Happy,HF2t_High_Fear,HF2t_High_Happy,t2HF_High_Fear,t2HF_High_Happy,HF2a_High_Fear,HF2a_High_Happy,a2HF_High_Fear,a2HF_High_Happy,HF2b_High_Fear,HF2b_High_Happy,b2HF_High_Fear,b2HF_High_Happy,HF2g_High_Fear,HF2g_High_Happy,g2HF_High_Fear,g2HF_High_Happy
230712004,-4.9553698376228e-07,-1.4482648306902e-06,0.226694488087787,0.571239273966647,-1.55767220547136e-07,-5.35141140253539e-07,0.384475161196587,1.05581158125061,8.26197035366444e-08,-5.86679146766374e-08,0.348944277738568,0.882604369773611,6.86420574519966e-08,-1.58498621710027e-07,0.45100192163544,1.3408575618352,9.93400897246692e-08,-1.61323318860723e-07,1.14573246993512,4.19983059350985,-4.36840025353978e-06,-4.64335743071672e-06,-0.276411695125851,0.0467956015886546,-1.60591723302939e-06,-1.94121413432756e-06,-0.484567151652393,0.11857314495061,-1.06838177004057e-06,-1.22449027020102e-06,-0.457293862673591,0.10007885100283,-4.4791710999583e-07,-8.3407803953649e-07,-0.574560528874696,0.142597774887385,-3.37597871593578e-07,-5.21600420410236e-07,-1.51807623249137,0.489597040062169
230714005,-2.12791381879873e-07,-1.17587712201494e-06,0.165463165099494,0.188233921421379,-9.1461825487525e-08,-5.92923836599034e-07,0.262298223785488,0.243563109282923,3.11220301512717e-07,-2.46488893858938e-07,0.107842212100874,0.186422500102312,2.0404624184107e-07,-9.21060085780219e-08,0.375010869310397,0.415447822760127,4.37610764107642e-08,-6.45299669385369e-08,0.982126205365577,1.11489401714184,1.3529472429598e-06,-1.74187417231112e-06,0.006290946939634,-0.115297103831637,8.68906852873741e-07,-6.78890233807049e-07,0.0184677595858148,-0.164159544420199,1.37916889755515e-06,-4.10722394295273e-07,0.0446334585467556,-0.1339775340978,3.39385716400643e-07,-1.16851152543241e-07,0.00778063505038815,-0.257139541299738,1.85407907064244e-07,-5.22864599643297e-08,0.00627546893955807,-0.685772918572194
230714006,-3.05751764797995e-06,-2.3657065269894e-06,0.372941309178704,-0.00389870284619602,-5.41319169781201e-07,-6.78893583935028e-08,0.512004318538321,-0.0529107825280931,3.0029916488235e-08,-5.50225426695525e-08,0.366003630375128,-0.0550103620626977,3.96175279529931e-07,3.1517174791297e-07,0.623659411221958,-0.0130704371451903,-7.83715178256257e-08,-4.12878754376801e-08,2.08540864739646,0.146426684994365,-1.01217095109373e-05,-8.24193695524514e-06,-0.0639119043633712,0.0344892699564234,-4.85049225387837e-06,-3.17602338384398e-06,-0.117472699636049,0.0450731805895173,-5.74255886881681e-06,-3.02502342478386e-06,-0.105331710650136,0.0119233196513979,-1.43264173509212e-06,-5.4998643022576e-07,-0.137266106897703,0.0409861530299383,-7.08747181024763e-07,-4.58020484912168e-07,-0.350825303012458,0.227581760518016
230714007,-3.71706641673344e-06,-6.76233233827263e-06,0.101904651124718,0.125167908302701,8.3520851112142e-07,-2.46504647449269e-06,-0.000237976183088302,0.0683269922295337,-2.87765590662778e-07,-6.54322998141694e-07,-0.00748079805077534,-0.140767804699569,-1.33050383928122e-07,-1.34166242654022e-07,-0.000770686452743863,0.0147370887223165,-8.52558618597478e-08,-4.46922488430762e-08,-0.179210643188468,0.00605837737205713,-4.19272861337732e-06,-8.34408275480882e-06,0.0933915275051834,-0.0263970744826732,3.37603725414913e-07,-3.45103625650787e-06,0.143335987124333,-0.0509373961725658,-2.81249626634305e-07,-1.36653248007976e-06,0.183284997663857,-0.0563741409864097,4.75214519626154e-07,-8.98480509050686e-07,0.196968587359965,-0.0661918806062904,-1.05919806307263e-07,-3.97535900332299e-07,0.636157856903699,-0.252852562606544
230716008,-6.25293127962731e-08,5.9914280588403e-07,0.474995094597224,-0.0907994725262554,-1.92615013968007e-08,-4.96178481158146e-09,0.765605557842992,0.0449909198213764,-1.05670930758031e-08,1.37853992661997e-07,0.560049773816782,0.239738931673188,-1.07445152211149e-09,-1.6011474883206e-07,0.420691357663734,0.0839331402155708,-3.16626849011256e-09,-1.6740314842018e-08,1.3397500386677,0.254801401555016,-5.01955695911446e-09,2.93152027737968e-06,-0.388313930234323,0.228322985200791,-9.38241461855882e-09,4.07191140397107e-07,-0.665886721834231,0.49428817405003,2.51208824097328e-09,4.13047876314072e-07,-0.529515737474685,0.463507063673142,1.35260859416897e-09,-3.37925462138546e-08,-0.42916578978106,0.494827830858017,-1.07641846512034e-09,-2.74523336458487e-08,-1.29410335188602,1.24924951849603
230716009,-1.42719183057911e-06,-2.35678095472657e-06,0.216449097549605,0.238818585487237,-1.21429014574582e-07,-5.84955265254798e-07,0.0902726172881513,0.146372382077998,3.64885740214151e-07,-3.04983040198322e-07,-0.161925740880049,-0.0956604957251427,-1.71757184507495e-07,-1.63565604338086e-07,0.240159887569617,0.389720906144508,-1.36483561956965e-08,-5.05792948874729e-08,1.36003754924299,1.72465721664037,-4.00221157499756e-06,-4.12972724882493e-06,-0.100237674970931,0.0437495318178614,-8.99126629275626e-07,-7.05768077442274e-07,-0.201198481409226,0.0425729453967983,2.63064852397274e-07,1.74459909155304e-07,-0.247810381955039,0.0104195778745192,1.71394057932108e-07,-8.15484284251453e-08,-0.261602046678139,0.0725108514635752,-6.90072384835009e-08,-2.1421096111809e-07,-0.584531389757821,0.294836046479994
230717010,-2.25471243852718e-06,-1.96320188651138e-06,0.0336989607518742,-0.0547246329208791,-7.51935173551675e-07,-5.01193330791454e-07,-0.202119976518996,-0.326692622188774,-3.11006297566152e-07,-2.69824362180848e-07,-0.26399390639337,-0.494811014636718,-2.90096189206644e-07,4.14141006601009e-08,0.126497262930554,-0.278423172803143,-1.42226838875057e-07,-7.23592560822433e-08,0.776890609481502,-0.123655833728404,-3.09454313104024e-06,-2.23870893398943e-06,-0.032122464052036,-0.0176248006571605,-1.10208532276911e-06,-6.9577985951623e-07,-0.0242731089806909,-0.010689580909757,-8.01250828881714e-07,-4.02227865828177e-07,-0.042127740224849,-0.00304219912762163,-4.21702665265503e-07,-1.07309744246703e-07,-0.101706065858137,-0.0303345746705753,-3.75867970822987e-07,-2.51660705428339e-07,-0.294250869023303,-0.108098667293439
230717011,-8.45605306520838e-07,-2.462219719257e-06,0.271222819054589,-0.0788337330300488,-7.68292336866409e-07,-7.14338165440187e-07,0.347526440886532,-0.12844148281048,-3.54536857109698e-07,-8.99895990393178e-07,0.292052867410244,-0.234038271843301,5.4446056538801e-07,-3.58352240086812e-07,0.341204098124871,-0.27119022874509,3.29649581411786e-07,-1.69492363161036e-07,0.940472037080422,-0.588622377705796,-2.23523189088939e-06,-1.78276528094197e-06,-0.211378261570427,0.0598620604929839,-7.66150014414099e-07,-5.61694158985315e-07,-0.271742540248857,0.0952683167064204,-4.07947164432927e-07,-2.86435862132347e-07,-0.247173545868933,0.155952616382666,-1.85319384740881e-07,-2.01630020747919e-07,-0.301169656978884,0.18503253072864,-1.38337198863787e-07,-1.06979629083166e-07,-0.81215066601338,0.408838737643138
230717012,-8.51960453085649e-07,-1.6980822607743e-06,0.267847000306214,0.124072688769641,-1.02171023456117e-07,-5.71780224579719e-07,0.394323015197794,0.134212699328487,1.68762219691709e-07,-1.61129416042564e-07,0.349270159473792,0.0295234803767454,1.41609884202885e-07,-8.021055273877e-08,0.461197321982016,0.123191175551891,1.34263222021776e-09,-3.431751857156e-08,1.30819919058464,0.38413252972554,-4.65459616874411e-06,-4.24633377320929e-06,-0.383763740026339,-0.010766199563187,-1.76712010075567e-06,-2.16369922288913e-06,-0.655944872818535,-0.0475658087428443,-1.16511012738607e-06,-9.98751037364399e-07,-0.638847342932054,-0.0675170864925811,-3.19155750648854e-07,-4.37368063329402e-07,-0.736313162784785,-0.0560001722176288,-2.05076163467687e-07,-1.78468987748676e-07,-2.01174090952985,-0.118980826738573
230717013,-9.23720401094764e-07,-3.82043791719396e-06,-0.363866830656163,-0.10826536883534,-1.45313888626886e-06,-1.42616901571943e-06,-0.660822955685444,-0.257199032716035,9.86333419146227e-07,-1.20282718505688e-06,-0.735808823687704,-0.404584093977569,2.32455030966681e-07,-3.15636165497096e-07,-0.805372517346663,-0.269885777088252,1.17997809387831e-07,-3.96169304952755e-08,-2.09262298227173,-0.518744811824463,-1.28088820467543e-06,-2.53797510383192e-06,-0.0304297703829346,-0.0552905396427556,1.06585228202552e-07,1.24598329720849e-06,-0.0537839335697771,-0.0860172402694107,-1.46585450825347e-06,2.07157317765043e-06,-0.0261257406739368,-0.0530272899039993,-1.10108269760591e-06,8.06894961197323e-07,-0.0623110304620343,-0.109404199348466,-1.32298289669907e-07,-1.66948723063934e-07,-0.205045372400224,-0.351240893167025
230718015,-5.71537150591793e-06,-3.63980401736269e-06,-0.0616768961444541,0.0816304364004988,-1.06852006240509e-06,-7.17647051164946e-07,-0.213639586749519,0.0333299671834283,-6.87894564332991e-07,-1.98360409051989e-07,-0.393359421990766,-0.17319465535104,-1.75800849133517e-07,-9.26140969028353e-08,-0.263870085896578,0.0313264589389489,-3.41667178515077e-07,-3.34925638298037e-07,-0.297592430831908,0.431214119164323,-8.92691983378472e-06,-8.62592437556805e-06,0.0123081625022417,-0.182350225733453,-2.53923749886405e-06,-2.88915694356622e-06,0.0232554796000123,-0.314582807176577,-2.63979053936405e-07,-6.39197316703469e-07,0.0234546921350055,-0.225026987248105,-6.51619194023523e-07,-6.01454559152305e-07,0.0303235630297505,-0.393214722771176,-9.15978001116054e-07,-9.28299343424843e-07,0.0829543952361894,-1.07237763454001
230718016,5.42295098074114e-07,-9.80212799283376e-07,0.288696551822255,0.0409216220800511,4.00389995920456e-07,-3.75016601819737e-07,0.387124077663583,0.0295012311117219,8.13528069505708e-07,-4.08860047757667e-09,0.353977796684749,-0.0150543560907831,2.19670205525376e-07,-5.9453865873201e-08,0.552626643854129,0.0249950166882971,3.91540145794228e-08,-3.13079412444191e-08,1.70378047868211,0.28767878834075,-1.53516299876222e-06,-2.01754100334496e-06,-0.0593734023660975,-0.0420411622030225,-1.68561104098827e-08,-6.25304251008984e-07,-0.0902872473223188,-0.0739484121380023,4.6345702286581e-07,3.42485997926129e-07,-0.101123525780031,-0.0870869182930999,-2.4941646098867e-08,-9.79879570015316e-08,-0.131574412754948,-0.103670207983311,-2.39296161068698e-08,-8.69352948043875e-08,-0.363786246877714,-0.308186518039933
230719017,-1.08238912584323e-06,-9.09467783168135e-07,0.224370274172236,0.243003623308407,-2.12835167908792e-07,-3.32185293037896e-07,0.426615142530909,0.484529711563259,3.69851122866662e-07,1.75491202384257e-07,0.248037095126024,0.383382311380279,8.81402988572326e-08,-3.506293951697e-08,0.390912525297226,0.524319600680661,2.71077222181646e-08,-1.14989030739064e-08,0.999722944550646,1.4218680764397,-9.61310101502705e-08,-2.55488673617378e-06,-0.00741634093230749,0.0452929727952137,-1.00672852473757e-07,-4.8614070286138e-07,-0.0138621050090628,0.0930884018575193,8.67835276762966e-07,-1.93302740432754e-07,0.00200340387235919,0.085769462252514,2.40329662421017e-07,-8.82164644833323e-08,-0.0140505442021485,0.0995670280156564,5.77443632706675e-08,-2.07521888996811e-07,-0.0290908693917457,0.274303869801766
230719018,-2.38027785842275e-06,-2.80482710711385e-06,0.298538877914255,0.0388628087928303,-5.34968107943517e-07,-7.36984843588954e-07,0.333972615049206,-0.0445501979303207,1.13849026048885e-07,-1.43277840105381e-07,0.383218127371848,-0.150434286506302,-2.52170902904517e-07,-2.43566941453703e-07,0.529402013033094,-0.0882448796743635,-3.45508129966156e-08,-7.21383856284716e-08,1.21096345221987,-0.242097104189369,-1.77444508403811e-06,-1.46480603818931e-06,-0.0528064238074577,0.140241348890019,-8.42950330948467e-08,5.53456665792435e-08,-0.0441004624486096,0.270744918529319,4.38363535726463e-07,7.37459187729084e-07,-0.0512463020309797,0.321712097160516,-2.09491718653876e-07,1.87413739980665e-07,-0.0745967116172376,0.380645388182249,-4.00040429493252e-08,1.05113260223859e-07,-0.161131510279132,0.954296212206014
230719019,-3.66430280697595e-06,-4.37891778862058e-06,-0.16298565670278,0.324293261990433,1.13432853776275e-07,-6.87120372137738e-07,-0.371182414534922,0.56246444132882,1.26738811728493e-06,2.87603580331471e-07,-0.485975459571144,0.315613933469133,4.63109975419504e-07,-2.29595274997554e-07,-0.604648551045431,0.378956775479069,-1.54938244349452e-08,1.13284256174536e-08,-1.8373727069999,1.03678176701193,-6.18105836640256e-06,-8.20454877376292e-06,0.148434092310567,0.129231887980812,-5.452730354251e-07,-2.47046978548969e-06,0.260117674882913,0.240729125354455,5.40122378418762e-07,-4.32051162413362e-07,0.187049156390234,0.15056307034991,2.11079537597812e-07,-2.96453769888762e-07,0.259425933604427,0.19633847671547,-5.22272658627829e-08,-2.01388690418874e-07,0.682878588909403,0.539966129996996
230720020,-3.82471055827238e-06,-1.12852879312239e-05,0.20983427517058,0.29395885224034,1.10894711555433e-06,-1.64262267652795e-06,0.241953443765228,0.443224096743308,4.17108610544159e-06,-1.29560819990564e-06,0.187562614124857,0.347138863286753,3.39560894740168e-07,4.92259506497237e-07,0.111845774559322,0.377777403946942,-2.23545626840131e-07,-2.76962547264548e-07,0.201558001416937,1.19968060459916,-2.17324032279517e-05,-3.18989017270795e-05,0.0641237490614652,0.0443954217904131,-9.46748405895556e-07,-5.90034233368389e-06,0.0875208853659817,0.0568931941749762,4.96330800051492e-06,-1.79307753935358e-06,0.0771931407718578,0.046669527995094,-6.07813600124081e-07,-1.19265072896046e-06,0.054854055845364,0.0446333426648035,-5.68624199780795e-07,-1.14098636274782e-06,0.139599038544181,0.131720229427598
230720021,-7.240295989207e-06,-6.25349698316139e-06,0.473590169375539,0.195222239726383,-1.68560131378951e-06,-1.33176325497392e-06,0.63595868004001,0.181612893647489,-1.25090830594425e-06,-1.61433842523976e-06,0.357952370728923,0.0415172284176474,3.93021969659541e-07,1.36737433541329e-07,0.792801632326066,0.223777005305182,-3.57733150069812e-07,-2.35749941278198e-07,3.46383992233221,1.29942223373206,-5.2801466610161e-06,-6.23425394267916e-06,0.109607390063383,0.0212096510867932,-1.95010797555698e-06,-1.42023860171356e-06,0.146947177389659,0.0186770629617213,4.65647159667306e-06,1.24071916062884e-06,0.103907060531837,0.0157424848468312,1.25959839179489e-06,-6.33173400573825e-07,0.19313771857811,0.0281789714944794,-6.73709819074309e-07,-1.06978865932702e-06,0.785947188111431,0.139892519568195
230721022,1.29060368954703e-07,-5.74537798414918e-07,0.327247586621468,0.240048257956872,1.52411353859309e-07,-9.51994583132475e-08,0.602869408323701,0.394312329312489,2.60493772651103e-07,-1.30926466683211e-07,0.528187768948231,0.317471766316328,5.22884930507408e-09,-5.00039928812484e-08,0.814971026504839,0.495550393074749,-3.5455332286396e-08,-6.77311428990692e-08,2.60640006714491,1.4893656169411,1.69675288374122e-08,2.63182662229907e-07,0.1522447108464,0.157380333994963,-8.28027958743808e-08,4.49835094009189e-07,0.283328080946609,0.298516812080955,4.59186714888332e-07,4.9439415219829e-07,0.272861889052461,0.264666132976265,2.46017705740005e-08,9.42405722009727e-08,0.35489513423915,0.338306692261256,-4.54315498347245e-08,-3.51751320483086e-08,1.04071336175708,0.904602268105949
230721023,1.97613003766128e-07,-2.35867444957141e-07,0.221764290757592,0.0386576742067591,2.63496814639282e-07,-3.34004999230158e-08,0.406416548898082,-0.0288186843589748,1.71473098414602e-07,-7.35245458171143e-09,0.185823357209394,-0.103969201246208,-7.42584353389304e-09,4.62499577065813e-08,0.564010469150367,-0.00205518835673888,3.21014680488408e-08,-1.02351092040392e-08,1.38422071990688,0.107084920159576,4.4855831485738e-07,-7.03996602310618e-07,-0.149643662780275,-0.11890765757843,3.02179039916743e-07,-1.60381386021858e-07,-0.307991365031049,-0.203548423628419,4.24670135124175e-07,-4.06684799891135e-08,-0.230207450438391,-0.180683906359496,1.70670688989122e-07,-1.4471527089949e-08,-0.42633046885245,-0.282553034127565,9.04906516819519e-08,-6.87060119499691e-08,-0.985285783686541,-0.682617382683784
230721024,-5.93101628854136e-07,-1.58332223148802e-06,0.570327195742279,0.0841682421969586,3.08358553690353e-08,-5.50529754135212e-07,0.818056465817817,0.0258536568345594,-2.34110399829011e-07,2.08040648384484e-07,1.04215917958797,0.0447359683401899,-3.04738230334105e-07,-1.4758862498676e-07,1.05542557150441,-0.0219874483459481,-5.75080927543194e-08,-1.07865287434204e-07,2.70940810152532,-0.183258918050745,-7.04333360835226e-07,-7.17793992935487e-07,-0.067038381214923,0.0633376252137386,4.04678786396219e-07,6.40157445189296e-08,-0.116508916310206,0.0950974342983987,-3.81490763030789e-08,-1.5703458767973e-08,-0.145963483450757,0.145146944126415,-4.4567754166584e-07,-3.54435919778177e-07,-0.15006001598314,0.159497250448734,-1.06331571678469e-07,-1.90614436848836e-07,-0.403998497334331,0.502337852999418
230721025,-3.01162795242766e-06,-8.06142589392796e-06,0.0787373462556905,-0.144835458991654,-2.01721215878076e-06,-2.77834194276662e-06,-0.110588022514798,-0.388431668900888,4.22128695526125e-08,-9.59023644837841e-07,-0.277394507252654,-0.648802179869202,7.37292003553404e-07,-2.68535305247122e-07,-0.136838509483975,-0.620934532256467,-3.09227133514736e-07,-2.1786494120715e-07,0.235265512138717,-1.32724295752462,-6.19210391912336e-06,-1.33056861402734e-05,-0.0721998938499401,0.0229441261019776,-6.74545116231008e-07,-5.32630676535328e-06,-0.135123831055797,0.014664031394926,1.31241131415578e-06,-1.89672603187945e-06,-0.199113680996579,-0.00601329807160707,1.3376003846848e-06,-5.46676824627968e-07,-0.220303078681575,0.000659979837313803,-2.7086216120682e-07,-5.86887359953307e-07,-0.62244367569873,0.0698738959758128
230721026,-7.01451027516596e-07,-7.02007435050171e-07,-0.182969858960126,-0.100723397448712,-4.64623919556064e-07,1.38890653538389e-07,-0.389823567034124,-0.247708117059441,-1.05693252782113e-07,1.93329056693096e-07,-0.542730311240766,-0.394468332238321,-2.79223628829546e-07,6.63879316433901e-08,-0.625635188023622,-0.479345748166926,-1.48195069827789e-07,-6.28465082182508e-08,-1.43712872962982,-1.17555294945387,-1.66750760882924e-06,-1.01080149567628e-06,-0.0294318284499963,0.191772949324317,1.62351052416965e-09,6.69595448005837e-07,-0.0542143696538843,0.253188123021237,-2.94498723232809e-07,3.78162492319004e-07,-0.0750231054411417,0.286378938084764,1.39606559575028e-07,1.1383628401789e-07,-0.0918523363740128,0.391948850316245,-2.60190684148106e-07,-1.66795997975144e-07,-0.240262221457157,1.10152833507145
230722027,-7.70922579219339e-07,1.13243203872958e-05,0.0445634626534099,-0.0305332100407708,-4.46626912260072e-07,4.59603597355331e-06,0.0171863396789638,0.0145267646008307,4.64495665893679e-07,4.26848626609189e-06,-0.0543297208920336,-0.017839844773958,1.5337478816151e-07,1.92222569558426e-06,0.0411493338277055,0.0725038353790721,-1.28277612610601e-07,3.33112725421393e-07,0.0750554684781052,0.337621750136102,3.4239500801944e-07,1.42259187299923e-05,0.0404280266620839,-0.0832407859624131,-5.92539593485476e-07,8.78295447039582e-06,0.0459572397996414,-0.13919499025025,2.3672816678344e-06,7.10514544120142e-06,0.00243697301516743,-0.127203180101378,-1.70229213280161e-07,3.3552185872407e-06,0.0549940806390757,-0.166397044909878,-4.92424865956178e-07,2.69439362306685e-07,0.119360703258287,-0.468573836324461
230723029,-1.0241148074131e-06,-7.35676855472933e-07,0.321813335682425,0.227080077967459,3.78636982766339e-08,-2.29542005852144e-08,0.386654687736163,0.317560400773909,-9.24581551628805e-08,-5.26232277569313e-09,0.297186084467946,0.269440064919069,-7.57325634705105e-08,-3.75660737486143e-08,0.615941874275004,0.496172965038054,-7.54890183615673e-08,-8.18268297063426e-08,1.97966892456031,1.47775351231471,-3.57561678528723e-06,-2.38261643814182e-06,-0.113197090806463,-0.0634475005449799,-8.15331949023876e-07,-5.24913689590876e-07,-0.19952354404751,-0.12691839073406,-3.79670409629505e-07,-2.55876414362186e-07,-0.231891609626658,-0.143770404520542,-2.19173620059021e-07,-2.13950184222529e-07,-0.302138857607996,-0.179682921365947,-2.04672462519819e-07,-1.50705072495519e-07,-0.865361083465562,-0.487791684675054
230723030,-2.35903242127757e-05,-3.02732532673217e-05,0.111337779651135,0.0314836916917118,-6.76743935944519e-06,-1.01794954470655e-05,0.184247285303398,0.0167239979082681,-4.1503021427947e-06,-4.33559910323336e-06,0.0740726987778279,-0.0652244207316647,-3.45463995907023e-06,-3.37575137040295e-06,0.268836641055659,0.0729793714338405,-1.97160529569792e-06,-1.27247132800847e-06,0.75379532266875,0.282072726988966,-0.000109326521634588,-8.80652754225472e-05,-0.127765269959375,0.197992002527177,-4.67158249130509e-05,-3.82094182923306e-05,-0.245988734241404,0.360471187891709,-2.37705059201792e-05,-1.79453513585904e-05,-0.283422156601375,0.35900008641588,-2.05454511352884e-05,-1.38531600549213e-05,-0.348799431812315,0.433657356982264,-1.75550271237063e-05,-1.20530164465135e-05,-0.78117301646988,0.927729398275907
230723031,-2.03026085945321e-05,-1.71208369555246e-05,0.699372453635281,0.336397866944981,-6.11218760920808e-06,-4.29016097973885e-06,1.20338278976374,0.602876275831189,-2.77095876543952e-06,-2.11747140780647e-06,1.08715125137016,0.601980370598327,-9.57332540154205e-07,-5.79400231963797e-07,1.42241393809851,1.00494555315954,-1.32185565034265e-06,-1.35623803483209e-06,3.0951999250853,2.40882484524394,-3.85194504311758e-05,-3.30956917844697e-05,0.121168806491023,-0.0966156280740987,-1.21535833052729e-05,-1.00180832144476e-05,0.212095612577431,-0.191492379939602,-6.41252993425829e-06,-5.64646238815196e-06,0.20670050485287,-0.230459210644773,-3.92614278672758e-06,-3.38222906945512e-06,0.239296588758432,-0.299191850696489,-2.51510838525286e-06,-2.34742482577591e-06,0.49180437755744,-0.636771181879411
230723032,4.70827363780903e-07,4.06288222553697e-08,-0.0234098464111739,0.0790213322371226,6.53710915793579e-07,2.46823388815813e-06,-0.0528501980375799,0.0590180586529941,2.08087571491287e-06,2.47029491354704e-06,-0.222042727448188,-0.11769934810071,4.04120181025021e-07,3.1564475379826e-07,-0.109805193763953,0.0699080870648706,-2.3149057715296e-07,3.71492285833282e-08,0.0457741635602244,0.571849658484568,-3.06086749272785e-06,-7.32348793439126e-06,0.0612427859768239,-0.0395447139135669,5.89286013890586e-07,-8.2288931005519e-07,0.105289289375924,-0.0669495694983132,3.37033756066745e-06,7.42295624952552e-07,0.0628791379818188,-0.0714101912003136,3.78800307420033e-07,-2.84179020365177e-07,0.136113579217195,-0.106591456533359,-2.65987928617618e-07,-5.75439802836483e-07,0.512982936720425,-0.325709940246937
230723033,-2.41117516074657e-05,-5.18576934735914e-05,0.588867195657542,0.20858604805838,9.03396697852473e-06,-1.03781021549968e-05,0.877004820508931,0.317770173014137,2.08068034856743e-05,5.62069479297901e-06,0.575402312221344,0.185280951144943,-2.65695818363283e-06,-2.8180595220522e-06,0.946081866354273,0.364452798454664,-8.52043257752601e-07,-1.53602867500598e-06,2.72841856699129,1.17330117711446,-0.000181075229396242,-0.000259570590002514,-0.156576084845545,-0.155011699735663,-3.32516605731412e-05,-8.01681310703771e-05,-0.356226937522142,-0.31553717765015,3.74864370813927e-05,-3.01014463798967e-05,-0.317508401855944,-0.277070715498694,-2.44710404796879e-05,-1.18078300031637e-05,-0.396524226441923,-0.358660241989745,-5.66979701353439e-06,-1.04194335889116e-05,-1.18341858951184,-1.05719471444561
230723034,-4.47152324057929e-07,7.50030400377166e-08,0.68505940208408,0.302724918974686,1.5089093391795e-07,1.0213625557731e-07,1.18545863596763,0.482046488602674,3.4776089271887e-07,4.66940822628832e-07,1.10109894558042,0.480673578845028,8.70686362725687e-08,3.19667343474654e-08,1.4300834195727,0.669496273215731,6.25558266403027e-08,2.71314985166195e-08,3.88080371155813,1.83123831907071,-3.14193157094988e-06,-2.18125818930979e-06,-0.0328341398846387,-0.084292307274583,-2.10095796520428e-07,-9.41364684680164e-08,-0.112438628616868,-0.199526413930713,3.91067580918229e-07,4.83302796313738e-07,-0.150148884372766,-0.255586584609459,1.85921288059066e-07,2.23081940776357e-07,-0.154573252110018,-0.290053630798946,1.04258953221186e-07,1.3749000680302e-09,-0.340918046338719,-0.679885701557699
230723035,-5.65059077491342e-06,-6.32234311596737e-06,-0.0872372301039723,0.0147309431420571,-3.96453624163579e-06,-4.33598845543975e-06,-0.0702585047943011,0.16689408910568,-1.33039432625656e-06,-1.51704174476703e-06,-0.539977970710737,-0.0498884666077078,-3.44376247139209e-07,-3.96396720756458e-07,-0.480668753296561,-0.078204345762279,-2.83884512017987e-07,-2.72650046140512e-07,-1.09338331383649,0.383976299315271,-6.11212696795676e-06,-7.58969318688974e-06,0.23756988014503,0.21674705436077,-4.30038730567324e-06,-4.67223744072428e-06,0.334548935153734,0.321939765447168,-1.72055594865902e-06,-2.62109801203686e-06,0.317305972060966,0.348948800405442,-5.83258440103706e-07,-7.27227825983464e-07,0.448221593835256,0.441712685347907,-3.60615940589247e-07,-4.4377032704117e-07,1.12028631330486,1.19023263027535
230729046,-1.57105431930735e-06,-2.10139922825509e-06,0.0276957435420987,0.0678332780830686,-6.83752514076763e-07,-8.67514457407338e-07,0.0375763449392115,0.0957476917619879,-5.21421085825784e-07,-1.04068988609047e-06,0.061344782535278,0.112337971778074,-2.30261465125361e-07,-4.1156043882456e-07,-0.0407975450365402,0.0367868464861738,-3.24263533790166e-08,-1.38573057201714e-07,-0.249327769718883,0.156153249002493,-3.86745451273903e-08,-6.04303881828795e-07,0.122343479809955,0.0576706076374213,-1.53379552550647e-07,-2.55292608189883e-07,0.233687412638794,0.115221832054122,-8.86931041155948e-08,-2.58917509333001e-07,0.187411202632314,0.0885279728134949,-4.0415920674623e-08,3.14698988297817e-08,0.259213769862449,0.14384509078013,-1.40028913120926e-08,3.6157030313941e-08,0.934502063467892,0.527109723922986
230729048,-4.76663289057673e-06,-6.6706367836433e-06,0.0246840003167853,0.65695011739835,-8.13001780384364e-07,-1.92629566812695e-06,-0.0581948689879126,1.08934070621135,-4.31474507887276e-07,-2.8129451852937e-07,-0.177593725181054,0.929503669251542,3.5743458390515e-07,2.50704671561679e-07,-0.209855786426306,0.74423486036285,-5.83177382921176e-08,-3.64692060005274e-07,-0.297697680908811,3.2006482527581,-4.79134390304427e-06,-3.99465949846157e-06,0.0927073810234899,0.0786274461695807,1.35938036238101e-07,-6.45951479519241e-07,0.188172258481084,0.158269014959858,6.62007961807837e-07,4.02484042330942e-07,0.233364213158791,0.188131532976157,1.49007872137123e-06,1.14267376755256e-06,0.208175645133651,0.153030457219286,3.04339620106498e-07,-2.18546816981927e-08,0.555590379658516,0.50891115492269
230910076,-1.03778045303381e-06,-8.68592663921778e-07,-0.0995408820589081,0.396268022137658,-2.56540104268348e-07,-9.06712785136646e-08,-0.296306344553431,0.482435438892605,1.02545342210494e-07,1.65658916774821e-08,-0.386048008735531,0.287724495689448,2.64051081500661e-09,-3.04615979298984e-08,-0.26728137592135,0.673609472146471,-7.26474593908498e-08,-4.64689478151335e-08,-0.545297781913172,1.99332145255325,-2.62128118367633e-07,-7.36889178393961e-07,0.0507251123132164,-0.138582636964821,9.21401134257976e-08,-1.22649696162966e-07,0.116420049930487,-0.182587806401401,3.55073465202143e-07,1.27230718426255e-07,0.135125004785078,-0.122086705932692,1.10336469427956e-07,-4.2878011651938e-08,0.109976486246997,-0.241400256147097,-2.43195855246397e-08,-4.67117415123794e-08,0.245779194914074,-0.678553293510579
231022077,-4.49736311839704e-06,-2.33769065732135e-06,0.257451953059359,-0.0706854167442685,-1.27636965236173e-06,-9.40295602648741e-07,0.289104316764716,-0.226804812747825,6.3612775113986e-07,2.41404237328318e-06,-0.058919906658615,-0.35705349647176,2.35398069355353e-09,5.65930760018511e-07,0.109349872298613,-0.378326030136625,2.13164850973263e-08,-9.37481538877529e-08,0.588862056019936,-0.895729357064742,-5.62769497205074e-06,-3.89703726190367e-06,-0.00837524287734327,-0.0172033725467609,-1.89644369152379e-06,-1.22914561423051e-06,-0.0258722246076615,-0.0341296341389551,-2.5961228372424e-07,6.68160655116801e-07,-0.0123529532090488,-0.0269665632438552,-5.17091284184409e-07,4.80840939469538e-07,-0.0233319869558806,-0.0379082840731873,-1.28424155926843e-07,7.67553094518403e-08,-0.0998709456011017,-0.167646329516906
231028078,7.80485201191195e-07,6.60113848710437e-08,-0.159530915668078,0.214732439907819,1.5275425129017e-07,-3.46250898190534e-07,-0.355757174601007,0.282762305216984,7.3013868006381e-07,1.55160439655616e-07,-0.359053737695171,0.110473754485204,-2.77218699009988e-08,6.84333313761144e-07,-0.468953949144043,0.445670268807637,6.54407668705257e-08,1.75420569636846e-07,-1.13440707813319,0.996862195259278,3.5037581953039e-06,-2.0510082886667e-07,0.201823371638908,-0.085719319836118,2.59907637616849e-06,5.45390601712104e-07,0.305356600325351,-0.164217930948593,4.36824867428908e-06,7.83641453761984e-07,0.221815995628023,-0.150433380360542,6.45796075964382e-07,8.21081396271683e-07,0.400345684229051,-0.244644224246951,3.25987382905805e-07,5.26487013010965e-07,0.973794942783585,-0.550415303785356
231029079,-1.72707552869883e-05,4.41358317330811e-07,0.208690400275379,0.249159738940205,-9.21458064606811e-06,1.31887666360563e-06,0.338947049140587,0.419933695641154,-2.926062957411e-06,1.33398553105343e-06,0.361023210904683,0.452880748413529,3.73045811414601e-07,1.50826942575843e-06,0.468091476864306,0.615296660271733,-2.23060619722462e-06,-1.01143141548662e-06,1.59935778739883,1.86321377813177,-4.29017620538862e-05,-2.96337993043498e-05,0.0146664473448338,-0.0449778454388476,-2.82187886351959e-05,-1.84489107264931e-05,0.02086071192406,-0.0804477498787381,-1.29054933231713e-05,-7.44174402020377e-06,0.045826942642417,-0.0718927950688155,-5.85787120784776e-06,-4.03510654841381e-06,0.0390375535900083,-0.103895520184114,-5.05415405185278e-06,-2.07258866984742e-06,0.118912839194199,-0.309647467115192
231029081,6.47486973051652e-06,-1.5199780053832e-06,0.468919173229183,0.45186098552167,3.69200241017835e-06,9.42364665788952e-09,0.823694006511817,0.80567421876782,5.39100202381577e-06,1.51837784120521e-06,0.477496310767521,0.461410578434981,2.10161442760219e-06,2.64204895141486e-07,0.864745102459695,0.782080839338787,-3.10459750722602e-08,-4.62826374435794e-07,3.068274294756,2.82291084467972,-6.90263721362947e-06,-1.32795507786592e-05,-0.132348180591994,-0.00603223447174153,-2.55820481340639e-06,-4.55580844722094e-06,-0.266712084326753,-0.0340633568753608,1.76913631174145e-06,-1.73472567138278e-06,-0.194386422472969,-0.03610269429485,-2.5795239530761e-07,-1.00148131135094e-06,-0.268951111301704,-0.032253866676963,-1.24344749973733e-06,-1.54746349376858e-06,-0.809113827118379,0.000486116392085484
231029082,3.54054789539923e-07,4.3786972927417e-07,0.191636061767935,0.376980643932664,3.78502881100517e-07,3.03800697527061e-07,0.203988128613522,0.473162384587873,-2.31762509533647e-08,2.84032312654469e-07,0.196402992930156,0.556099143998681,1.21491758467214e-07,1.50755007932242e-07,0.281865506667471,0.902495433239042,1.05299078034505e-07,6.31367603889979e-08,0.499310106090227,3.13705867639332,-1.91573062957391e-07,-3.56636142599818e-07,-0.0164673142119401,-0.0132069674390427,1.00683223099384e-07,4.2271568410968e-08,-0.00959444189077479,-0.0117753029431604,5.37533939751416e-08,1.52710568335321e-07,0.00227231943915153,-0.00834563223640435,2.54250366127078e-08,2.84617436350141e-08,-0.0138069831951807,-0.0348360290018619,8.83308724778678e-09,1.03767059493116e-08,-0.0243513584153489,-0.147010430222276
231104083,-6.98964241493245e-06,-7.47840485794377e-06,0.376921060391532,0.251491511867216,-2.16609442232183e-06,-2.81556967552207e-06,0.617348442911848,0.378103212234128,-5.0587829382365e-07,-1.87963167017114e-06,0.496966496090674,0.281743771978305,3.9727734252884e-07,-3.26809533398951e-07,0.700152854787783,0.498058488958583,1.39235738782969e-07,-1.62578058216948e-07,2.40326173381356,1.76182804827489,-8.73662114757683e-06,-2.23612611964311e-06,0.208933261766362,0.170592653615996,-2.68397291625945e-06,7.90905916836496e-07,0.427004134085294,0.338122385480936,-1.57971804532918e-06,1.98607650516394e-06,0.381900900500437,0.304865197281341,1.09641761471144e-07,-2.95798512113113e-07,0.54655836169638,0.465432036718048,-3.15838717831572e-08,6.40357089122029e-08,1.82253575189364,1.5336947525386
231104084,-2.94330137930828e-06,-2.13711422427209e-06,-0.0444783594422981,-0.169369677677838,-8.77633680919884e-07,-4.78922744761282e-07,-0.242039753094152,-0.398855001818603,-1.79212231225854e-07,5.81587541887122e-08,-0.320609608349163,-0.449967598698346,-1.77469743092073e-07,-1.65922008813961e-07,-0.130838913319858,-0.299182036978237,-4.33782698521867e-07,-2.68205678493557e-07,0.316360342722571,-0.280926715349013,-9.12156170245461e-06,-6.29355786340958e-07,-0.531786303804784,0.00971526259073297,-3.69587239790122e-06,1.27872063318377e-06,-0.878550563922086,0.0106815692036505,-3.2990733119312e-06,1.71805811210955e-06,-0.805404852134773,-0.0117713745992797,-1.85142534487432e-06,-1.87153059334128e-07,-1.17248508176354,0.0567501132753059,-1.40057752481469e-06,-6.45249361815314e-07,-2.95694772612031,0.203648778919124
231105085,-1.76061467638541e-05,-1.61521130682931e-05,0.0283856024473,0.44706050811062,-6.39093046481242e-06,-5.99511903333529e-06,-0.124465494924373,0.638789960006858,-5.24025007183776e-06,-3.90123239358889e-06,-0.102056439556178,0.215859333369163,-5.83634369055274e-07,-1.42719411612105e-07,-0.0803860908354995,0.706521482355034,-6.81731989536456e-07,-6.04045526932135e-07,0.00937459371043738,2.68527407801399,-3.61954464671498e-05,-3.85135398634531e-05,0.17528238779166,-0.175655914113566,-1.36499295135091e-05,-1.36531988271344e-05,0.315811740010358,-0.293835606762672,-1.05675042045906e-05,-1.06905017863655e-05,0.246189491606225,-0.177611577098183,-4.52960378828627e-06,-3.87708028817066e-06,0.380996820270683,-0.348299714974133,-2.54399031921608e-06,-2.51943384818721e-06,1.22457645196272,-1.14935629976883
231107086,-5.07362419439208e-07,-1.12722701403019e-06,-0.575125468719609,-0.163010908632422,-3.27390056286734e-07,-8.02873176581426e-07,-1.05540275489972,-0.428527941600678,-7.7216027244513e-08,-2.27591195157476e-07,-0.917283507259679,-0.485170088881527,1.12113650647434e-07,7.91735150926778e-08,-1.74074961583152,-0.732851001335502,-7.83447482381824e-08,-2.76093746396996e-08,-5.11657737285593,-1.9978975425813,-7.45150755549091e-08,-5.71429951983905e-07,0.00284523575413665,-0.0956216595113625,-1.35387661085055e-07,-1.33073370535179e-07,0.0254255755914113,-0.123937301240079,-1.19611516737246e-07,-7.59102974432763e-08,0.0192976727353312,-0.0834156114299543,-8.26776929136279e-08,-7.33446579639141e-08,0.0493907068905548,-0.197562044607192,-6.22075131523869e-08,-8.83230857786609e-08,0.186065385791103,-0.597128138396284
231111087,-5.32395123069547e-06,-2.20486997925746e-06,0.267685045700608,0.24107377508686,-5.09396851914833e-06,-3.10520814756067e-07,0.336939698753155,0.3175895177387,-6.29413696851689e-06,9.39135097507705e-07,0.271179188685844,0.240493942868416,-1.64273428698737e-06,-8.02649171702555e-07,0.545503981518723,0.552124443895795,-2.99164588789463e-07,-2.61430396229625e-07,1.98174149754649,2.19321285921303,-1.16311884220579e-05,-4.1963416463976e-06,0.0649604701655975,0.0213388783517184,-5.69508136945985e-06,-7.69673007676912e-07,0.0988886016892725,0.0401959675131472,-8.37850210784484e-06,-2.80740389585461e-06,0.0675136051066849,0.0247551639941125,-2.14073864889559e-06,-8.89610185103763e-08,0.135661579165618,0.0439650235892199,-1.02978745059435e-06,-1.08619809321888e-06,0.456682584659717,0.0543065428126309
231111088,6.27557012244283e-06,-4.9898108858223e-08,0.296604768140444,0.245343303332103,2.36625305142547e-06,-3.17592987026102e-07,0.452889682962345,0.3587440349252,1.68683251866869e-06,3.24363229149965e-07,0.422867164504494,0.215453113527462,8.80377368839421e-07,1.50474762027342e-07,0.617503309147727,0.484005807877189,4.3165437889591e-07,-5.99239727394766e-08,1.38619691363846,1.2100866422223,1.57220607536816e-05,-7.66697276720261e-07,0.0365428267950941,-0.170831964210662,7.98579878161313e-06,-5.08522886739553e-07,0.0855089860215849,-0.278951924444866,4.38514138753604e-06,-1.61353349484174e-07,0.0912691681318537,-0.187862484749631,2.98020352643728e-06,-1.21508972377412e-07,0.128560742253468,-0.392613863026394,1.85247764484761e-06,-1.00852078257519e-07,0.348107778267128,-0.951121772064498
231119089,-1.05087528279608e-06,-1.23825893105973e-06,0.0437607706696864,-0.00826851753523864,-4.5337738344972e-08,-5.07456052694075e-07,0.0319195144674201,-0.0124586477778125,-2.06807524718313e-07,-8.80485924420862e-08,-0.0144763583165864,-0.0475807168887812,6.86914122055928e-09,-1.90443595228827e-08,0.0434288474310191,-0.0610171920534258,-2.03117423733574e-07,-1.90979638227614e-07,0.238161084736143,-0.101658020041751,-4.54675867770026e-06,-5.75493494935619e-06,-0.0475664076684998,-0.0518346132989737,-1.0908534783495e-06,-3.15607072377574e-06,-0.123181212939386,-0.121313035950551,-5.93760384133541e-07,-1.14347663872771e-06,-0.20637345992365,-0.158500731780469,-4.0265121355415e-07,-4.13379939086926e-07,-0.240164264195253,-0.230255402368308,-4.79716683124068e-07,-4.55485019684067e-07,-0.46934489313114,-0.597894914361852
231119090,-2.71566229781066e-06,-4.43031723277407e-06,0.529964082389551,0.627520530872423,-6.06782215369527e-07,-9.46301609373063e-07,0.819582950718629,0.729472857697147,-5.2284606592463e-07,-6.39149354352603e-07,0.829029861072175,0.814439393892212,-4.64570215772498e-07,-5.27420092628935e-07,1.10499431000326,1.16320835281458,-6.79689794387547e-08,-1.55960498668248e-07,2.43782385195167,2.62936350947655,-7.29059499365579e-06,-9.69479784776966e-06,0.080723352257469,0.326703168125456,-1.84722884159715e-06,-1.5655902121371e-06,0.096643397003736,0.466012692179789,-7.73803939807883e-07,-8.24758983441036e-07,0.0851093886848728,0.579624835272914,-7.00179970925264e-07,-1.17529313806997e-06,0.107669236726957,0.741037538937003,-2.11242661056801e-07,-3.80293010375379e-07,0.251361527569064,1.68728042322823
231126092,-1.68707706919818e-06,-1.320627908371e-06,0.579976221974179,0.316376340401907,-4.52976992003336e-07,-1.84774821818105e-07,0.688660470133615,0.336336030894261,8.36039479571865e-08,3.31572692570868e-07,0.445852633117979,0.0371691557275604,-6.75792030549666e-08,-7.0136816161553e-08,0.953360993986591,0.563265484202943,-3.4332249131906e-08,-6.91998033449412e-08,3.01722721355572,2.66435501480929,-1.68043581062242e-06,-1.69985411452881e-06,-0.0748668577834912,-0.0893125576823221,-5.28571502967109e-07,-5.70670549283478e-07,-0.100354190455324,-0.129625900442822,-1.33601035484439e-07,-9.02309409361406e-08,-0.0803616800906818,-0.0843862791179482,-1.08639417482845e-07,-1.93738478809678e-07,-0.13495866166258,-0.195924635593808,-1.33948631097953e-07,-1.83425789024465e-07,-0.426044814643529,-0.734348328095226
231202093,-2.27240161459341e-06,-9.80575093441648e-07,0.224640864116722,-0.0620922571926731,-1.08677928679613e-06,-2.41683541582098e-07,0.343603782381012,-0.247498906364438,-1.47575958366846e-08,3.38073630078768e-07,0.0493430935973394,-0.229466087928857,-7.52953961680964e-08,-1.06816812994947e-07,0.448006780128258,-0.239740204577639,-1.14974672507262e-07,-3.09451046709287e-08,1.21294785231157,-1.00766582392448,-3.14516598333375e-06,-2.40127046846291e-06,-0.0127170893475513,0.0194441024024554,-1.24889880364775e-06,-5.88769936445861e-07,-0.014429285154911,0.0138387855702399,-9.38177266955147e-07,-7.09080687091744e-08,-0.0485046729973191,0.0310122473342532,-4.93817852388059e-07,-2.0541181985352e-07,-0.0240625830848404,0.052957343881546,-2.37482343387831e-07,-1.70378689491239e-07,-0.0338315935297889,0.108375944757901
231203094,-1.19239178162418e-06,-8.70205332753561e-07,0.255861062594977,0.195133804281619,-2.91567074560986e-07,-2.95218595350154e-07,0.346079805058487,0.216603840599541,-2.30399133277147e-07,-2.47725321245697e-07,0.199254654158137,0.113332972946557,-2.21946149916956e-08,1.23070074156501e-08,-0.00815072957061211,-0.103328903342185,-2.91009489937955e-08,-3.40789424657682e-08,-0.444831742544758,-0.566433240660729,-1.71310349146529e-06,-1.71941157714442e-06,0.0468107904796483,0.241945163504882,-3.2871643195258e-07,-9.3883600966809e-07,0.121957131814438,0.480649924481259,-1.39753365056279e-07,-2.90379584734477e-07,0.159843350048609,0.53495461101607,-1.46043394725003e-07,1.13066266888198e-08,0.216033716779185,0.616555192090246,-9.53684662879436e-08,-1.74176104600477e-09,0.613674646502364,1.54072384363909
231203096,-3.695074731889e-06,-1.26602687146619e-06,0.345858610607588,0.183593113956165,-1.31622136214572e-06,-5.89290017439404e-07,0.558543871640662,0.29772747424779,-2.38800529740956e-07,9.38835505913709e-08,0.467142256067069,0.202346834312565,-3.13169665087006e-07,3.55688411985591e-07,0.611132266651614,0.355032713963779,-2.474425996772e-07,-7.44638455830202e-08,2.02242822644007,1.28392049203663,-9.3107627241356e-06,-1.15777414363244e-05,-0.0161605650160469,0.00103754727818579,-2.73224163759079e-06,-3.30383217206752e-06,-0.0396128179691063,-0.0186670682893193,1.67609852592333e-07,-1.13257337357338e-06,-0.0788385396698563,-0.045149151874648,7.40401495971515e-08,-1.41419054135969e-07,-0.0567809286321955,-0.0188887647253176,-3.41324552608448e-08,-2.43918567077722e-07,-0.132638386299923,0.00357968116608667
231203097,-1.86542993603284e-06,-3.5238171693384e-06,-0.447109980344061,0.00534019972364653,3.182022370634e-08,-5.57740120099888e-07,-0.775963286377754,-0.154473556869236,-1.88261669769463e-07,-4.71720678761177e-07,-0.762653843230392,-0.339274222183697,-3.66861523981065e-08,4.34871433775239e-08,-1.11604331369552,-0.0473239616888468,5.77702694849948e-08,-6.07241861682656e-08,-3.51489779003312,0.125677406867957,-7.22711168725602e-07,-3.13101017140924e-06,0.227744547090925,-0.02198374712084,1.03515171331944e-06,-1.44135553424078e-07,0.40275480964055,-0.0233332178452457,2.51023188236114e-06,1.08348829144216e-06,0.343299888676663,-0.00260373404404978,-1.17506789014485e-07,-1.88007364377463e-07,0.574169905782973,-0.0541627114525314,2.99296722233847e-07,-1.42202794276409e-07,1.50746730452988,-0.176079846472458
231209098,-3.64251926020483e-07,-3.10585002888805e-06,-0.0670230515617554,-0.0470747720558394,-2.18018475299198e-07,-5.08655010863721e-07,-0.0690126490472353,-0.117629596547279,4.83597014392766e-07,-2.68519144021153e-07,-0.0690247667697425,-0.117151226557085,8.68655110222861e-07,-5.52260016327401e-07,-0.101533117205887,-0.171614457638209,4.99397790922719e-07,-2.17083184926823e-07,-0.502416952799416,-0.632652687275316,5.13071647327192e-06,-6.65117675481183e-06,0.201254967280917,0.157969716456304,1.56585875049739e-06,-4.7814955412931e-07,0.331464586884808,0.199807683655411,3.35192352614335e-06,3.162275744144e-06,0.245450346778322,0.133634359755156,1.99960401248229e-06,-3.67558329803614e-07,0.44143733935643,0.296676425305159,9.89748716033062e-07,2.39883733372e-07,1.23509207542634,0.952811622650081
231209099,-2.17402713590434e-06,-4.19602843481155e-07,0.158020912119891,0.268121620516485,-1.61686907187662e-06,-1.15633583319168e-06,0.265143749544913,0.385287448891921,1.01793338983786e-06,-1.81736200979297e-07,0.159178191330893,0.274692929980527,1.05495271872013e-07,1.17646532213007e-07,0.422000802037858,0.73713305141061,-5.09617457355141e-08,1.53883717939833e-08,1.43584801534045,2.3871915945499,-9.02340330646944e-07,4.88592593300202e-06,0.0117659027211585,0.0582968459031492,9.11637694677348e-07,3.50688444623961e-06,0.0107585881938896,0.0645225362119557,2.08812256895765e-06,6.31851153860538e-06,0.000666718338199434,0.0638387643155982,1.60711889448002e-07,1.65971569974165e-06,0.0164473082227979,0.163223066104688,-1.31231531860505e-07,3.85698719143994e-07,0.0503651934382051,0.511620698904875
231209100,-1.08039532247824e-05,-1.19983776686187e-06,0.0603895159902973,-0.0679682380494962,-5.00455998588863e-06,7.56292936181427e-07,0.00547304325483194,-0.18906119386875,-2.81648050611174e-06,2.47146170770708e-06,-0.106038649414142,-0.342195407008839,-4.71579597187937e-07,6.10370151337835e-07,-0.104760862246967,-0.320652929761692,-1.5372799097903e-07,1.1171921641253e-06,-0.239875297424965,-0.781236912654598,-5.33819635760298e-06,8.00810872454553e-06,0.0814657742620059,-0.136981237308937,-3.29632734129938e-06,9.59881648331113e-07,0.140842359612527,-0.221505005052429,-1.02156782761227e-06,-6.93870945423497e-08,0.111457342410934,-0.127314705493264,-1.29507846852807e-07,-2.38407886181234e-07,0.136609129664631,-0.198978538997157,-5.8212195144474e-07,1.05826618257171e-07,0.367351616945973,-0.600603478449611
231210101,-3.8140862716532e-06,-2.68276603505644e-06,0.00464136030011265,0.150095623644045,-1.27990703953974e-06,-2.2477344226553e-08,-0.101652553010593,0.157192980116763,-5.39042715386426e-07,2.83527420992867e-07,-0.136768418574529,0.132334008658327,-2.67800631590179e-07,-2.86721517386698e-07,-0.161571173786928,0.253909335928375,-1.74005910690888e-07,-1.74456382384398e-07,-0.446531720589146,0.962028253807983,-7.61391025355452e-06,-5.51535333854281e-06,0.207259021068503,0.0219440407750546,-1.92962828027575e-06,-1.2071634514105e-06,0.313533966154842,0.0326414274789275,-3.53242660941162e-07,1.2615059282448e-07,0.399196703942476,0.0423080019061505,-2.04485367246238e-07,1.10216981480527e-08,0.41475963964973,0.0497601943066501,-2.66996003831713e-07,-1.40504016027228e-07,1.0709297997371,0.134470395657331
231210102,-8.25889115168007e-07,-4.49608900854371e-07,0.308017720421688,0.0840007684600099,-1.03467419873057e-07,1.03724890999028e-07,0.39490962243723,0.0338390608255376,1.24039007989303e-07,3.38384954413332e-07,0.242125214178314,-0.0487033626542395,-6.06036208268449e-09,7.27185934634503e-09,0.551915981892417,0.0601774531362493,-2.39540909887781e-08,-1.2214480192585e-08,2.04177914347653,0.422371860496224,-1.18576010317601e-06,-6.52787523220841e-07,0.164813975339103,0.0562123462845427,-2.83114772084768e-07,-1.61985617239711e-07,0.251958837707551,0.0939384848046426,2.39931971947906e-07,3.32836285473165e-08,0.19893994035568,0.0777331310636294,-9.94207968602731e-08,-5.81928278328328e-08,0.356063967692894,0.136810749246654,-7.56835736758805e-08,-4.91122570901167e-08,1.22187088073602,0.434577888763053
231217104,1.99677898207372e-08,2.37103399047913e-08,0.0567547289761769,0.132522081592049,8.01067366194097e-08,-4.93526535249487e-09,0.0997272015878267,0.20636370994431,9.65341143777777e-08,1.00707938112774e-07,0.091964872380155,0.0766669314356327,3.94980018137312e-08,1.74096139736414e-08,0.217102640392359,0.420178785433941,9.16239532753367e-09,1.23191667103059e-08,0.958263008254399,1.36535704639539,-3.33239042869794e-08,-3.51816816492093e-07,0.0694633185176181,0.0326419336206734,-2.33695004059918e-08,-1.76748879933623e-07,0.109089571883727,0.0519702265046349,1.96213533128703e-08,2.28942654607094e-08,0.141084630026988,0.094180977936474,-1.65164230387194e-08,2.31878178066822e-08,0.174410937344528,0.0679230252567982,5.64367192123497e-09,-1.01198955958436e-08,0.323677295268413,0.108304215230888
231223105,3.34160461042591e-07,7.71354860274566e-07,-0.193289938480709,0.0793922448551587,4.62730616871299e-08,5.2810401689931e-07,-0.420596108616021,0.0236085100238936,3.67250515476933e-07,9.21370980253448e-07,-0.573270046531795,-0.278017113252686,-1.87507888930437e-08,1.9783139736995e-07,-0.647678971858907,-0.0538831520245461,2.57411833703311e-08,1.13457102159893e-07,-1.73220579513662,0.122323274005644,-2.05560242489822e-07,-7.43319782888045e-08,-0.0456968431327775,-0.00187087268666577,2.19872563402836e-07,9.79248722275241e-08,-0.0829914980297104,-0.00578200291751133,4.83856750745956e-07,8.50211220750312e-07,-0.0913710885989285,-0.0409511413672555,2.01464469465922e-07,9.5041829972543e-08,-0.122304852322991,-0.0234224355777925,3.66458086675845e-08,8.94260392959115e-09,-0.356008113015779,-0.047636254147845
231224106,-1.41843993556739e-06,-4.29938820217181e-07,-0.273347271335625,0.0716000538828182,-2.87086141410479e-07,-4.10985472858525e-07,-0.60266471446339,0.0698453696360947,-3.43642901229085e-07,6.83870905360075e-08,-0.645854242779908,0.0577396314588637,-4.63060116875853e-07,-2.88138348837172e-07,-0.689177297557008,0.35350267544168,-4.49518971456428e-07,-3.47817824436258e-07,-1.38908050483038,1.42798188673891,-2.14425988753981e-06,-1.15609102891177e-06,-0.0560576847092616,-0.0198199502986093,-2.36697387652641e-07,-3.74747481699022e-07,-0.097624836597692,-0.0315920945020759,-5.41739278182463e-07,-3.85445986211497e-08,-0.103800484157588,-0.0290080153436856,-8.61864964697947e-07,-8.52523433937049e-07,-0.160067584226283,-0.0618448928214541,-7.01882201250446e-07,-6.46326381303755e-07,-0.405661033915473,-0.183910829617983
231228107,-2.18748103690564e-07,-4.8028264945215e-06,-0.124370221752532,0.19784248287209,-1.37789595400028e-06,-1.88007053203031e-06,-0.23124404743921,0.194316116019349,8.36639673229846e-07,9.50091789901822e-08,-0.316786256211816,0.109145852090203,1.57638070357365e-07,-5.29130422862484e-07,-0.168016942451127,0.596435190534251,-2.89451976961116e-07,-5.00165076507428e-07,-0.260704196278111,1.76463286552649,-7.67796126137625e-07,-4.53085614187399e-06,-0.0303090840901674,-0.0244008095089266,-1.31902111353062e-06,-3.62304749927085e-06,-0.0440338594810467,-0.0337664604220233,-3.1538240367634e-08,-2.18211175000604e-06,-0.0388453085091615,-0.0326606188580919,-3.82860191390993e-07,-1.29709954498561e-06,-0.0631129364794278,-0.0479284238475896,-4.0942012096249e-07,-6.09248428591818e-07,-0.160689051557486,-0.128533208277198
240113111,-1.67898573962928e-05,-1.33196796567777e-05,0.216754485849905,-0.0100093972459386,-2.96299618346055e-06,-1.19950726147762e-06,0.164580423364629,-0.150625274159819,-2.08952027451535e-06,-1.05257241952746e-06,0.0131685044714237,-0.317305713753465,-5.95223926170739e-07,-4.256801010472e-07,0.1399404609323,-0.23453377151947,-4.02785315308827e-07,-2.25080512513038e-07,-0.0723776781208588,-0.558569091682446,-2.49339499906868e-05,-2.28097279541565e-05,0.244087310983084,0.017044670677805,-6.37050790471105e-06,-6.24290698227912e-06,0.38092669764194,0.0336561913299028,-2.83318332891211e-06,-2.41037497276123e-06,0.363491439490318,0.0322504526780194,-1.15237520853287e-06,-7.6184959953425e-07,0.54194328512031,0.0601794696249294,-5.45016167762481e-07,-5.04414215563438e-07,1.01030260336383,0.143029782423231
240113112,4.14769552269983e-07,2.60982640747978e-07,0.292836674571967,0.356567792965806,6.15630587581109e-07,1.7438230798036e-07,0.409509294121698,0.496110527523305,7.09730963513258e-07,3.1775608372633e-07,0.332715272441805,0.434740167013595,9.91651428513638e-08,9.63588954678525e-08,0.434007648986977,0.57443605333361,-1.64690227240335e-07,-1.7587785256662e-07,1.27037338967009,1.73894085374674,3.19180086452457e-06,-2.53423999624122e-07,0.166311844208828,0.0790472244179407,1.97258470027585e-06,6.64685119068384e-09,0.241269752714674,0.105671966689407,3.83807178733313e-06,1.59880574870375e-06,0.211302956003971,0.0754317715436065,1.1546490230751e-06,1.86748264951575e-07,0.267356141176975,0.107129852615013,1.49832097908061e-07,-2.61422079388716e-07,0.742945539211778,0.347552642986622
240225121,2.37613883789922e-09,-6.10342402786834e-07,0.125282846575035,0.195630563520541,3.16364748921702e-07,3.74001777567299e-07,0.221098325304209,0.302947125317783,7.77848535147195e-07,3.45591702442387e-07,0.178968443473919,0.208640041518042,2.54097113850031e-08,2.60032455248812e-07,0.312910802126221,0.49401010032884,-7.62214171632254e-08,-4.95555941921143e-08,0.663109064447165,1.2327585978043,-1.6183142861823e-08,-4.76118584808076e-07,-0.164253206374991,0.0139986053863677,-6.62149424878427e-08,4.00235462808585e-07,-0.305059823212955,0.0282381019526778,2.05792434719832e-07,3.08193379919948e-07,-0.261581636957205,0.0202115487811189,-1.48363958005649e-07,1.73301998749768e-07,-0.380425549898744,0.0148224237035531,-3.60385854697829e-08,-6.92076053558864e-09,-0.964209431672857,0.0692774605458523
240302123,-6.08747271337413e-06,-8.80225832771158e-06,0.203383039122856,-0.0146217081824571,-3.14316647245002e-06,-3.45433712004876e-06,0.258613397227212,-0.120703457531477,-9.3545342532575e-07,-1.73704752455045e-06,0.173781908460629,-0.315835260703943,-7.40689652834036e-07,-5.95114962875152e-07,0.595427931631617,-0.0916646209717344,-7.46371796851568e-07,-8.72381871813861e-07,1.67739247269165,-0.0138729758936035,-1.35314368399329e-05,-1.87270752396723e-05,0.117063130373125,0.0411851410466583,-7.27332219132367e-06,-9.26608533724715e-06,0.170179861651531,0.0422412009434737,-4.25904231234985e-07,-3.13791750080488e-06,0.188983253403884,0.0098151546412198,-8.82671899607663e-07,-1.85452443363036e-06,0.317241622499584,0.0988631393548259,-1.66742661650407e-06,-1.70434154775642e-06,0.816124861177062,0.297801646672577
240302124,7.4900651886362e-07,4.89003813002059e-07,0.414227599199859,0.0517833622661765,4.3817928650154e-07,4.49880529783375e-07,0.683210125025723,-0.0701609980701703,9.71201421343668e-07,1.09724104559515e-06,0.0832329724957876,-0.326617691204656,1.22425884786096e-07,1.31679520801341e-07,0.601725688700984,-0.108205008182568,2.88084200632895e-08,-1.71890857656267e-08,1.91760367540257,-0.428359519518752,3.52736951868563e-07,-4.51212535720736e-07,-0.00366387062378291,-0.309242968344081,2.62833916859858e-07,-1.42607863242265e-07,-0.0299958021154931,-0.500696752577187,1.07305189878094e-06,7.52937653123365e-07,-0.0570083423457569,-0.411705241670028,1.22453032372488e-08,1.56098702091819e-08,-0.0499721416096253,-0.64720440962905,-2.8732232116036e-08,-4.1690281598305e-08,-0.222125338445451,-1.91799422940792
240309126,-8.20572185626662e-07,1.89788320064608e-06,0.186470497499503,0.355851413550518,-2.45223669315403e-07,5.44821367511476e-07,0.241650252700078,0.511465088426007,7.02806592500003e-08,3.19351771498214e-07,0.17509446066124,0.336494104518181,5.96618367858237e-08,1.34345563448526e-07,0.295350204903717,0.672040173140028,-8.28431362959564e-08,1.02542156422308e-07,0.832355004230303,2.6558628242606,-1.35405718125821e-06,1.92881218381668e-06,-0.177565939674009,-0.0296284012817617,-4.9455142746013e-07,1.63253059934231e-06,-0.310724241188801,-0.0653258013194155,-5.55118827930859e-08,2.11945048351101e-06,-0.361659486843299,-0.115633370162076,8.03665918714524e-08,1.10797278185332e-06,-0.40309928807536,-0.0857723006793613,-1.1130987285317e-07,1.42947004446125e-07,-1.099624096421,-0.128384928613859
240518128,-5.66984834163012e-07,5.42171616346038e-07,0.0330417772326056,0.327221987339607,-9.86798852425193e-08,9.60245613283484e-07,-0.0247898228697848,0.419144593210191,1.01359212853889e-08,8.83324365923669e-07,-0.175357189162314,0.299274802396985,9.96011354836685e-08,2.87755161568894e-07,-0.150003833796477,0.348791706541873,-8.38211329714639e-09,1.47129241263485e-07,0.207744937955204,1.9297132250458,-1.34491778440382e-06,-1.61788452109934e-06,-0.029812007338569,-0.114691295458536,-2.52311598884424e-07,-3.34855090732778e-08,-0.0921513319855876,-0.228675519074584,-2.92563465145321e-07,-2.22055542592976e-07,-0.132178501450596,-0.270600392285403,5.39971871663666e-07,-2.88875098307325e-07,-0.112401784855551,-0.252200083246256,-2.33827445855775e-08,-3.54349129207886e-08,-0.208578061460618,-0.680776572962053
240518129,1.3281840151223e-06,-1.28227944999983e-06,0.444386325798089,0.531263179760169,9.17897778208771e-07,-3.86858867392463e-07,0.83351839393767,1.05645163938302,1.09713391569493e-06,-7.81997711722219e-08,0.746527640396109,0.953184467128165,4.05387561498911e-07,-1.50131039644351e-07,0.915696641828719,1.12482841936366,1.36273855306632e-08,-6.7394636267405e-08,3.15727204253857,4.21606712786349,-2.57785206090329e-06,-6.00804356653071e-06,-0.250807330086858,0.10062075369625,-7.90567433510657e-07,-2.06405250614675e-06,-0.608582052701557,0.103021428280267,-2.91590942199821e-07,-1.31404208033815e-06,-0.671565906062506,0.0176713194899955,-5.16874234992921e-07,-1.05596945899889e-06,-0.682698174197876,0.0799296855755146,-2.63024884655018e-07,-4.92766220268699e-07,-2.12271559553499,0.522523963923261
240518130,-2.3186339439684e-06,-1.39531194458854e-06,0.467674559918346,0.196764172301654,-6.17522068975822e-07,-2.02939743077288e-07,0.690150974450793,0.137666342212397,-3.09567891715993e-07,-6.00694441487809e-07,0.490516022559914,-0.248585647611911,-1.01458123082918e-08,1.10985477617377e-07,0.733334440739148,0.0312252411583866,-7.0058588800839e-08,-4.13318302807291e-08,1.86241879667846,0.107052292046731,-5.11421840038422e-06,-3.52142034493876e-06,-0.0741119169348865,-0.1764929987197,-1.18126092105634e-06,-7.26306607230819e-07,-0.230747462604887,-0.43119136335761,-5.24522961308628e-07,5.42067283147443e-07,-0.268421530531814,-0.495185354873221,-2.72427847692875e-07,8.51302551659394e-08,-0.366586078588689,-0.63323639806578,-9.22167441436158e-08,-6.31221563399905e-08,-1.0640194593328,-1.78042150957122
240518131,-2.53938381021522e-06,-2.14395757494719e-06,0.614215618847419,0.818780663939901,-7.14339534572306e-07,-6.79802760069707e-07,0.928894027673815,1.25872079758207,-1.11662676911598e-07,-2.23991856497137e-07,0.615237959500379,0.69160085079713,-5.55841828502562e-08,-6.916421470973e-08,1.19239865016182,1.53941665457556,-1.12127975589058e-07,-9.39787401525756e-08,3.96486544306425,5.01230916298027,-6.52098084561061e-06,-6.74744662522366e-06,-0.290892227681764,-0.211083095943925,-2.26366727378453e-06,-2.42281119094096e-06,-0.505060065732339,-0.377043723152842,-9.99824237901614e-07,-1.04803425347095e-06,-0.472884703728598,-0.354248476609621,-3.50858303779207e-07,-3.27859081008946e-07,-0.666357902441051,-0.501702958310701,-2.4477661254215e-07,-2.60752485846024e-07,-1.86011081954404,-1.38249831210795
240519132,-5.36191366824574e-06,-3.95388237511351e-06,0.162889733263439,0.262819611197373,-2.2032876393691e-06,-1.03330087321336e-08,0.233405347417238,0.402551525786489,-6.25333137498731e-07,6.30834420239696e-07,0.125278309346339,0.234715380143465,1.14184125276145e-07,2.83816225523211e-07,0.541867342498967,0.774968336544081,-4.52022041816426e-07,-4.66112403710522e-07,1.87220183085927,3.01974272470234,-2.25191133926555e-05,-1.31491334875277e-05,-0.0887886851798096,-0.0462381119537188,-1.18558992620674e-05,-6.02091034124743e-06,-0.151280535720529,-0.0775383610928444,-7.31138204402722e-06,-1.42535007710839e-06,-0.17961440045528,-0.115529129468218,-1.69519960312435e-06,2.52961574149246e-07,-0.201173327017873,-0.0804268727950611,-2.01625564295031e-06,-1.48926814595275e-06,-0.439893146017665,-0.0546859536107104
240519133,-6.90622249714661e-07,-1.43129755477278e-07,-0.0279931319056296,0.343041060624613,-3.19741125589953e-07,-2.51394252673737e-07,-0.0467613299279409,0.484113436160967,1.57673314977788e-07,1.68751328052453e-07,-0.198484877351996,0.322924407463639,2.43255375857758e-08,7.43712348853541e-08,-0.123640988472283,0.806174790191561,-1.80730968211149e-08,-4.34799214466454e-08,0.0283634569440871,2.89620561262848,-1.42774550663945e-06,-8.92266720967134e-07,0.159368927952404,0.0446755811387523,-7.62347287173275e-07,-3.90988590370453e-07,0.251658042052648,0.0690964904583862,-1.33754353522004e-07,-4.07157904994126e-08,0.190706157310058,0.0371842221160049,-1.42192940004161e-07,-2.18275221704994e-07,0.421014220061114,0.0950373442461858,-2.25474476390113e-07,-2.37343099588276e-07,1.36248694935236,0.348658333050049
240601134,-3.4271169111753e-06,-3.3802744964434e-06,-0.0684821574028419,-0.00478369187599875,-1.53514941610424e-06,-1.65691463582703e-06,-0.12901528836331,-0.0366788895037043,-2.61898761145048e-07,-5.69093934050393e-07,-0.191273015929868,-0.125040656449592,-3.27555391748447e-07,-3.56249661865607e-07,-0.142763871341067,-0.0390463125419236,-2.22392316490266e-07,-1.98827306236474e-07,-0.459028409301785,-0.107325690569994,-8.05507444926261e-07,-2.94790554465115e-06,-0.0127518257306697,-0.0281506592905536,-1.56560321022488e-07,-1.62838905402511e-06,-0.0173292634252803,-0.043905817351028,7.3085626644466e-07,-7.62765943064699e-07,-0.0570579758553713,-0.0730975524322806,-2.18508343590625e-07,-7.47427179951749e-07,-0.0243452661886644,-0.0589566711786242,-1.37902708844974e-07,-2.97884982787283e-07,-0.0880895942025987,-0.20207153070609
240601135,1.89650171045339e-06,5.06330546382612e-07,-0.279876375633341,0.0978452609246167,3.25877330200772e-07,-1.13329647561548e-07,-0.549774618385953,0.241063196134639,1.11572037587369e-06,5.08513228924538e-07,-0.656874638524457,0.0578313819759923,1.93030330795971e-07,2.78476736933759e-07,-0.698654884012534,0.0947614072778095,1.19520842656313e-07,4.04093531046983e-08,-2.71272227591367,0.202301066611111,3.79694880127859e-06,2.5902006496183e-07,0.242087779245629,-0.0467269649576486,1.32737488439215e-06,-1.50279006752262e-07,0.464546842280722,-0.105787727324395,1.6141038165749e-06,1.46482557166804e-07,0.462417576539759,-0.0211158722298946,6.04547483387369e-07,9.38499282129761e-08,0.524172505561738,-0.0558921848255181,2.62021166356952e-07,-4.61564473829455e-08,1.88531348312063,-0.18842870119467
240601136,1.77826465189611e-07,-1.64877542000747e-06,0.0301447867485105,0.579031549330493,-2.82676361163372e-07,-4.89447409231851e-07,0.0306015515048124,0.8729886384572,8.43189517022686e-07,1.00285889659055e-07,-0.0273729860078655,0.700055642053703,-5.51213250592382e-07,5.43427926157527e-07,0.0338970570470235,1.08250050270925,-1.24519791751783e-07,-1.00960190888797e-07,0.49755780379427,5.21489298707429,-9.08850212282832e-08,-2.81336461883395e-06,0.10983542394322,-0.0254223291094464,1.56861045598355e-06,-6.00624750336768e-07,0.178681767697481,-0.0218836855037166,9.28676957123276e-07,-8.74304960415271e-08,0.193629078950645,0.0131450478422162,2.95090224454365e-09,-1.07227430608293e-07,0.234735037345018,-0.0203983624456972,7.17363648436569e-08,-1.33218706533259e-07,0.995881034746797,-0.154040731564215
240601137,-1.02256156936412e-06,-2.36678826194701e-06,0.333940174866651,0.196506788316784,-1.07258728470451e-07,-8.51375399089281e-07,0.501016600351302,0.362529569588914,-1.380753518538e-07,-4.84418994193642e-07,0.446923383286057,0.24763523176325,-2.62689212699789e-07,-4.06502602936298e-07,0.614286246018841,0.349064918123075,-6.39626670876244e-08,-1.30830753715729e-07,2.083243129289,1.18738482664359,-4.10034705008158e-06,-6.50807756116256e-06,0.00398260161182339,0.019382913985896,7.51987769686956e-09,-1.32238924681377e-06,-0.0102096278223777,0.0279328584798315,-3.05833660757039e-07,-1.43014573509569e-06,-0.0175356029895655,0.00476642706065868,3.07919414665475e-07,-3.57746414850589e-09,-0.036324970234961,0.00786907122496598,-1.50020005326825e-07,-2.51044093677471e-07,-0.0463529373762612,0.0627080432008179
240608138,-1.47238744235187e-06,-9.76320990348118e-07,0.267257678351215,0.730979790020014,-4.51233722044626e-07,7.08580559691109e-08,0.463104118638394,1.27680847137798,3.51632554123019e-08,4.14485625355234e-07,0.340983641412951,1.08366116440158,2.43338094685704e-07,2.15898018677112e-07,0.378203871435122,1.19287035198796,-1.46381785463617e-07,-5.63959199257022e-08,1.60308135432129,4.01198104399277,-3.25039424896219e-06,-4.15623174610539e-06,-0.0490098182458381,-0.267334274952693,-5.01819478741521e-07,-1.38934898150323e-06,-0.131808715603483,-0.520320878657555,5.0650153726316e-08,-3.76637700700755e-07,-0.161968071736382,-0.487552606216185,5.96562667262933e-07,1.56888447793274e-07,-0.168114837593165,-0.538095184173525,-6.03299629122749e-07,-6.52207103625193e-07,-0.350744539313376,-1.60388869335615
240609143,1.71593834839413e-07,-1.86211127235677e-07,-0.0763372875291547,0.126084001175909,3.20585434618574e-07,-2.49907181827922e-08,-0.19311556740052,0.331226974785541,3.49702261295563e-07,9.25681859152052e-08,-0.312792530854514,0.301723800238187,7.66362824028574e-08,3.73129036818592e-08,-0.336211012610778,0.448827732196461,4.14370403713092e-08,-1.85129628143855e-08,-0.775387407004501,0.883885754009993,-8.29372701610979e-07,-4.95659325760468e-07,0.0953598113922684,-0.00857247073893266,-1.89504626075643e-07,-2.45531301207318e-07,0.149030227738734,-0.0203006112168823,3.85995823876885e-08,-1.77184613566258e-07,0.0923136324076447,-0.0720859795876167,-1.34479765734472e-07,-1.33310962562107e-07,0.166615558224992,-0.0311619539800428,-1.68339569964683e-07,-1.21231980390148e-07,0.355790579002913,-0.0535094994961802
240609144,-1.04647106745148e-05,-2.44871558146347e-06,0.22334923813544,0.0865267497695053,-3.08423847830909e-06,-8.40152162841404e-07,0.315598578609641,0.130525082563193,-1.17483186904998e-06,1.68487279757207e-06,0.213079043765071,-0.0255465354081546,-8.92167197675076e-07,1.59806109035657e-06,0.288197501620987,-0.00343798884958806,-1.41387858398444e-06,1.10392154776572e-06,0.993299030292109,0.196518332231322,1.41654437835021e-05,9.65246282523394e-07,0.168793824202502,-0.172455270065069,7.11149322398825e-06,-1.20181241993229e-07,0.379045807804181,-0.318711721573252,2.17414275342759e-06,5.19803393991897e-07,0.523268429331078,-0.292046472141308,1.04972161780092e-06,1.82233674779336e-06,0.67030075171348,-0.385879419996146,7.27174973122905e-07,1.38141162115041e-06,1.65933470705385,-1.07716789183386
240609145,-9.67380962973928e-07,-5.39691730241939e-07,0.359522861094638,0.9260925016981,-4.52614216105715e-07,-2.73583745512162e-07,0.557276553705672,1.45880144270084,-2.46115506786535e-07,1.13939482313926e-07,0.691600361617209,1.27540904629691,-1.92281771221549e-08,7.59353482686218e-08,0.628583466234157,1.66177413896402,2.50619610236339e-08,1.48635644417857e-09,1.35640590495087,5.60086078256625,-5.55054526366934e-07,-9.27067433110988e-07,-0.0417307161149847,0.0921509301130839,-1.08644521809388e-07,-2.79962382580597e-07,-0.100254413532098,0.13640892628364,-1.44003543407632e-07,-4.29372777764603e-08,-0.109446220186713,0.123068377891767,-2.07899917238368e-08,2.48957021734229e-08,-0.127598284641927,0.174704683077105,1.6319794949504e-08,-2.41759513133358e-08,-0.42484228454776,0.505000608049531
240609146,5.34796458228293e-06,-4.53005699220141e-06,-0.324406268227331,0.25609805668974,1.99857200125241e-06,-9.7990393254651e-07,-0.693795050956662,0.439335122390671,4.99661303503489e-06,-5.76753423193789e-08,-0.853699163686511,0.227155809158637,1.1604788828747e-06,-4.01620359801454e-08,-0.875937776475364,0.531607428676373,3.89230611615774e-07,-9.98723662575285e-08,-2.0125479706934,1.60703175855137,8.25199099797448e-06,-8.11296597600329e-06,0.1317463317957,-0.0806910039438519,3.98087789532899e-06,-1.58160344261948e-06,0.272490778041419,-0.142791982659095,8.24954975742585e-06,-7.40826274143548e-08,0.324171328083512,-0.0688530688061797,2.02309768363911e-06,-2.06999729633473e-08,0.349495714588489,-0.165500624535483,7.15457187894174e-07,-1.62276580796973e-07,0.827890777063217,-0.501460751733946
240609147,-9.96885749734261e-08,-2.01565205727746e-07,-0.113302490989281,0.0498718597149629,-1.43464970865348e-08,-5.2357244119526e-08,-0.284157636692931,0.0225385075426923,8.53469155968258e-09,-1.16910797157147e-08,-0.584198988970694,-0.141717467194895,-1.50879936122228e-08,-3.0523661155536e-08,-0.389014241211744,0.107717296065212,-5.18427877587816e-08,-2.60941958346977e-08,-0.829393503062875,0.682735833217436,-1.33664060508185e-07,-2.04299150023574e-07,0.00780052935136066,-0.161640799195149,-4.86225558095702e-09,2.35229860708918e-08,0.0272277645989674,-0.287016563495784,8.66828094005469e-08,3.06187314493916e-08,0.0870665971383238,-0.271003638468931,-1.23876672765079e-08,-9.99842429168343e-10,0.0368499763594078,-0.40049867091474,-3.35344333360983e-08,-4.72445361134342e-08,0.0803452664976989,-1.04721338926952
240629148,-1.21577689803814e-06,-9.35258823442683e-07,0.318054974981706,0.345034871810921,-4.67559856348159e-08,-2.05520647473246e-07,0.332951147322572,0.37814717813002,1.93915352040934e-07,1.85094095900404e-07,0.143222118692178,0.144179566262671,1.43057824992959e-08,1.4467972778457e-07,0.222965036815208,0.307268222883404,4.02847877041723e-09,-4.95464097992208e-09,0.811358784212992,1.24695554505941,-1.00664116511226e-06,-9.14709756819808e-07,0.0546623720367209,-0.14825616696188,-2.25357100801605e-07,-3.01813173327967e-07,0.0934312153804904,-0.182070667953057,-6.9684971828394e-08,-2.03078108989858e-08,0.0994209334035751,-0.110073871864899,3.11168971114413e-08,7.43543830884288e-08,0.160318074223643,-0.195850952975486,7.82205187631649e-09,-2.33997987803669e-09,0.464059096787687,-0.673797918338745
240629149,-6.25282417417329e-07,9.0390069980443e-07,0.197049040668291,0.205619522335971,4.6253332954216e-07,1.58753625146039e-06,0.285284758467355,0.227119168367155,3.39958624563443e-07,2.22101117207826e-06,0.0608896294633969,0.0261781114496252,7.30712723155579e-07,8.70435129868423e-07,0.232088361513438,0.201179081024313,-1.5104393418224e-07,-4.1924889003227e-09,0.7007531302935,0.85719283834473,-5.06627172541373e-06,-1.18632624944948e-06,-0.151985537310607,-0.12654585848834,-1.30971490942184e-06,9.05131317112869e-07,-0.281781017941014,-0.230043958263629,-5.13442817105278e-07,4.37549540197109e-06,-0.185631399972837,-0.155623617483693,-1.29442276463521e-07,1.89572366660532e-06,-0.290878788475919,-0.244974340481225,-3.58474928733991e-07,2.01987411064975e-07,-0.851355877375115,-0.733492193644271
240629150,-6.47194688411693e-07,-8.79504170279789e-07,0.732362328375618,0.461267505818873,1.07796190373877e-07,-1.2331938962339e-07,1.18125497152767,0.680327925556723,2.06793478009767e-08,3.51823820208583e-07,0.690093973339263,0.422031009005505,-1.56803716893446e-07,-7.97467672900819e-08,1.50685024866138,0.804934481248723,-8.05260497388481e-08,-7.11537977652351e-08,3.99664794374758,2.04125081129485,-2.70826967517239e-06,-1.50943018807923e-06,-0.296874439579379,-0.0319584912838957,-7.86371504812806e-07,-5.64843040408539e-07,-0.533952417209572,-0.0890835883798098,-7.7318866856967e-08,4.09261204689779e-07,-0.476363242894938,-0.129109686020064,-2.45998432845595e-07,3.46268140117254e-08,-0.603235376816206,-0.0740402807308662,-3.75498723266486e-07,-1.49996366805268e-07,-1.32836464452558,-0.0712948772855473
240629151,8.16743941215827e-08,5.97680081041682e-07,-0.165741380736629,-0.438483637689045,-1.03311159425925e-06,-8.43682162524141e-07,0.116513892405778,-0.413981684953386,-4.22686795092494e-07,-4.27223747832309e-07,0.0811843634193079,-0.391150661715657,9.65026832935951e-08,-5.80501666424921e-08,-0.018350098844917,-0.871468716167381,-3.4265006479014e-08,-5.6682272041336e-08,-0.0802304799433246,-2.43635303844179,8.56647540942689e-08,2.21365204913212e-06,0.0108390342143134,0.160408377990322,-2.29268572521469e-06,-1.7798922900836e-06,-0.017503781181869,0.255898397912026,-1.60684323471453e-06,-6.56873462493174e-07,-0.00840271916744094,0.207447548294232,-8.32011028697623e-07,2.00065959839533e-07,-0.0100980373516978,0.452176870019068,-1.04140324266252e-07,1.28790866320432e-07,-0.0454669670599322,1.30994490673864
240709152,-5.31568383117512e-07,3.4541095747557e-07,0.654747361882392,0.359145027521382,-6.72727917250618e-08,3.69204727731434e-07,1.52594186905784,0.742127775545171,6.09774181505487e-10,5.8949537456389e-08,1.41842816605315,0.550936030186109,-3.79621889907479e-08,-1.14844416122283e-07,1.2962123557164,0.865298694611061,-7.06176554287537e-08,-7.25973114939357e-08,2.60688240884243,2.32953104456864,-4.64617278821594e-07,-3.96909525544469e-07,-0.10685233458156,-0.161299619660657,-6.01435938069579e-08,-1.00864501226076e-07,-0.248073931032577,-0.340059977943625,-7.0541411307925e-08,-1.9874270922744e-08,-0.255290510946472,-0.318148117804533,-7.2802244076681e-08,-8.9900126633547e-08,-0.260919206740006,-0.428075328932361,-6.01869921569067e-08,-1.30515529606573e-08,-0.601470712176919,-1.12260302194708
240709153,-3.91787174168415e-06,-1.36370917708036e-06,0.165203186385235,0.256090436293711,-3.35375071889779e-07,1.08528984530792e-06,0.191287276002006,0.257736327402187,6.30309095743628e-07,1.15469747463344e-06,0.0388514880462905,0.125265417890935,-1.69787429820032e-07,1.67960308207222e-07,0.296362002404838,0.501429967554959,-2.95932003271217e-08,7.03783714386682e-08,1.04131484301168,1.75916625693683,-5.9417332651052e-06,-8.00784263202514e-06,0.193659091789815,0.0957396527396944,3.79652332384632e-07,-9.79302893211993e-07,0.257923993160455,0.0936021955631193,3.57431944550682e-06,2.71767103368352e-07,0.182341744274018,0.0541928016063834,-3.67692201745806e-07,-5.83816155473335e-07,0.392658561556821,0.217864665876147,-1.19554939135693e-07,-4.96962231744998e-07,1.23178002406934,0.739955582445164
240710154,1.33602413183084e-06,1.20134055044515e-06,0.329702152933955,-0.0181746436284673,5.61927799769468e-07,-1.20140641004158e-08,0.427608510815219,-0.0713892751663028,1.16583337424796e-06,-2.07396278016232e-07,0.212715130421555,-0.270077236568053,1.29358542969023e-07,1.92272660587081e-07,0.606632269411064,-0.344760017886671,1.03507136374189e-07,1.79860287851887e-07,1.39141842432335,-1.35798527481042,4.14491864388319e-07,-2.21671326991907e-06,0.0780037072470674,-0.0508160480023627,4.90018021032691e-07,-1.23868116623026e-07,0.112652631618339,-0.0597914766737253,1.19267118091923e-06,2.57403604675392e-07,0.102983520143441,-0.0456400597821202,4.1767836455116e-07,3.70765084347422e-08,0.209920019319473,-0.117389329276098,1.72038098366014e-07,1.86567302687551e-08,0.647424869091046,-0.31353347289238
240710155,3.58714310292979e-07,-9.14363468574314e-07,-0.0975045952876676,0.0129352634315352,8.34597155589158e-08,-1.24735560673583e-07,-0.138413208579846,-0.00401266460965318,4.07119656597764e-07,-9.4382538576297e-09,-0.161646775049968,-0.12583470025417,1.13750752469343e-07,2.2984595639075e-08,-0.251102174551043,-0.0992129996530788,2.06905382115228e-09,-2.13010905626815e-08,-0.642450041711921,-0.289206249048951,-1.92947384911735e-06,-1.81700818394875e-06,0.161006986204808,0.119063154902705,-1.20917674020755e-06,-7.80065915463952e-07,0.29572600589399,0.198911450665582,-7.48110113507583e-07,-7.43766391368294e-07,0.25501559617743,0.140190284799498,-3.18698437819633e-07,-2.13458969472641e-07,0.311189235055073,0.197884743182559,-2.34445214927197e-07,-7.36503881864257e-08,0.851799459148461,0.530057067265374
240710156,-2.57994005416735e-06,-5.40543340546386e-06,-0.347845504730464,-0.335682297976954,-1.41843748840436e-06,-2.10241038246245e-06,-0.669141963508735,-0.665405684340354,3.27468723073025e-07,-3.26713841513029e-07,-0.711859685229817,-0.783270940041581,1.44497364760771e-07,-1.01383573854908e-07,-0.946289807104549,-0.905330789568493,2.3801140825887e-07,-8.49383368600406e-08,-2.78094985332407,-2.5898045273266,-2.41065239209104e-06,-5.05058776269763e-06,-0.0789573634531756,-0.113066705046903,-1.39715989628308e-06,-2.66322341418051e-06,-0.15919295937894,-0.20767208853126,-1.77570153960771e-07,-1.27374816599593e-06,-0.169035706292604,-0.18205884641829,-1.40485759753275e-07,-6.55960643819168e-07,-0.215820359147599,-0.295083158516699,2.66502307429681e-07,-3.1580411999749e-07,-0.601424948190034,-0.90159042798851
240716157,-1.74750370967107e-07,3.19035436994612e-08,0.172325508380514,0.951642947962526,-6.74772131423546e-08,-6.88756218072075e-07,0.274510414446267,1.8533593086103,-2.09493782933092e-07,-1.71112789521644e-06,0.0515031398963198,0.979171940970169,2.01293233471251e-07,-5.04290493417045e-07,0.185983556089558,1.51386970283892,2.08545900924692e-07,-7.0974638822456e-08,0.424146617337307,5.21300418201804,2.26879652036084e-06,-3.43413463205866e-06,0.28950581681288,-0.822467750921057,1.0457969687488e-06,-1.42836028698722e-06,0.647651334073725,-1.63098403435359,2.10896213963613e-06,-9.24455815414071e-07,0.483704219824604,-0.901574783467517,8.34457652616052e-07,-2.74214243920491e-07,0.673851668889429,-1.36926579553853,3.47906068426045e-07,-1.06680721047152e-07,2.34557088363637,-4.74699718508772
240716158,-6.00794669646e-06,-2.79435638825847e-06,-0.0817282953894212,0.172433246526616,-3.13344933316719e-06,-2.17343649856942e-06,-0.129153474566956,0.305288971819838,-1.64184634677125e-06,-1.40487497121144e-06,-0.194773635424122,0.316580265180263,-4.2675673377556e-07,-1.75167756503813e-07,-0.199689789362991,0.604232593920285,-1.50086391338419e-07,7.507766746787e-08,-0.602242098698113,1.41038424336231,-1.20674215065853e-05,-7.40098607002646e-06,0.191162317225913,-0.168622705243522,-3.92358593915993e-06,-1.88861295218723e-06,0.342078775470555,-0.297029032985174,-2.35190307882131e-06,-1.17397572818572e-06,0.391197240584908,-0.362912102468522,-1.53151309487447e-06,-6.52396752522349e-07,0.406593529071673,-0.449479231252526,-7.03453455852529e-07,-5.28569969889273e-07,0.883614537440476,-1.07852526834387
240720159,5.58312621674423e-07,7.70383656884495e-07,0.0373803730772941,-0.143537716679851,-2.61723126113944e-08,6.76641481625261e-07,-0.0357882652841168,-0.338973633518131,1.99915989364354e-07,7.52367633169151e-07,-0.234508811046588,-0.471239548936113,-2.91481946379213e-08,2.53332888371842e-07,-0.101396259530251,-0.386566953807034,2.79143119166908e-08,8.26191337122938e-08,-0.201298308664619,-0.675450935873894,1.22302866243551e-06,2.46468042279583e-07,0.0677316606986668,0.0416889752138498,2.71184611100702e-07,1.56682362598211e-07,0.132751320307932,0.0997359892197268,9.03746211505168e-07,2.99362544644249e-07,0.202694474170002,0.146629834743843,2.06691801549941e-07,-6.35796630313328e-09,0.209327273382568,0.133977551258296,8.43913098426812e-08,-4.35055681820783e-08,0.485032371997005,0.26725222101033
240720160,-2.59119513999695e-07,9.46435776453399e-08,0.515993995447257,0.554391904716738,-6.7284012869317e-08,2.23221905334519e-07,0.835683252508517,0.917916139051151,1.38853243285199e-07,3.29767242476959e-07,0.884881694987583,0.913633758159878,-6.26601691067675e-08,4.453640982588e-08,0.960961142293117,1.10074197031317,-2.10855808040824e-08,4.04908682458103e-08,2.19975486985277,2.75901703975313,1.22497027827813e-06,4.39870800184378e-08,-0.0448488222942597,-0.0684352222847889,4.40473809866848e-07,2.291403800392e-07,-0.0725918165179815,-0.11683426327827,6.86939948853423e-07,4.14075469163035e-07,-0.071210829227871,-0.0999971380849762,6.70164750258922e-08,-5.12824448249951e-09,-0.0897923469711208,-0.127510063867563,8.63629675414182e-08,8.47167715180435e-08,-0.164567231819995,-0.318471776521592
240720161,4.67510242942276e-06,7.09649714983275e-06,0.171685862283596,0.470937901862783,2.24290341597348e-06,4.04633731252032e-06,0.257085118676323,0.806311317952032,2.85675394176911e-06,2.87158447725297e-06,0.0731207350378674,0.845376669330266,6.98339016664896e-07,1.07415103387469e-06,0.307341280328749,1.26601854095774,2.73996115049151e-07,2.38901877635843e-07,1.49187157719347,4.27828468265363,-5.19313268148774e-06,-3.464563195303e-07,0.153374987845447,-0.0828221497849391,-9.77743589577858e-07,1.38480849957614e-06,0.239262462413448,-0.188854575560126,-7.14232566496046e-08,5.83677645035059e-07,0.113042167773265,-0.304588666176427,-2.38169677242841e-07,2.43708897574563e-07,0.303110281830223,-0.259969161804535,-4.21512730063352e-07,-5.10351911646156e-07,1.40277047864858,-0.38260276052345
240720162,-2.02227615182982e-07,-2.03965691572065e-07,0.319678591007813,0.129172073936358,-3.49843154944803e-07,-1.98387004527431e-07,0.587005906419733,0.232176075856503,5.02616355084352e-07,3.37487022225976e-07,0.457500634638343,0.234139751645881,1.43816177179534e-07,2.26314522077956e-07,0.75787314928997,0.380372759899758,-1.21540594229272e-08,1.84349117208445e-07,2.16974505154632,1.14018926877851,-1.2304695806108e-06,-3.44725800633998e-07,-0.0464734756604381,0.180787131248572,-8.70022489893922e-07,1.98036758961131e-07,-0.0875354203265547,0.334689234596907,-2.24004408019814e-07,6.04370624817935e-07,-0.0680070769747336,0.335513861353238,-5.33765137891173e-08,6.06980136886596e-07,-0.10360499546546,0.509045142200178,-9.21389974440717e-08,2.27558795775217e-07,-0.330023998943123,1.33089254754487
240723163,-8.61084796425287e-07,-2.48399835967172e-06,0.359120954094212,0.279928907382385,7.33125228690643e-07,-6.30748928689174e-07,0.679213644161521,0.527777179943949,1.61067318035588e-06,-2.68032285334451e-08,0.716679330001403,0.670177729693404,1.46249510574932e-06,-8.42544886099097e-08,0.81146303168379,0.707315874585156,3.33131339885562e-07,-6.04240867363963e-08,2.04224467512487,1.86892485088667,4.93212395912359e-06,-9.13286119390036e-06,-0.112796584640194,0.000932978485674806,3.33952242215578e-06,-2.70714856594048e-06,-0.207811276997845,0.0131958230620311,4.1736355439561e-06,-7.37298766301041e-07,-0.253430882257307,0.00658305241560507,1.75563370175505e-06,-9.10664497103755e-07,-0.339981558446329,-0.03551134216301,4.8909478212984e-07,-3.52120882356098e-07,-1.0126154125491,-0.0799389129434779
240723164,-2.77775848463408e-06,-3.78324984152283e-06,-0.00346177480850398,0.239407022098682,1.43648321600822e-07,-5.23008822787856e-07,-0.0557116583673322,0.382083026705874,2.52275861901475e-06,3.39646684342154e-07,-0.174258553807094,0.112635346819664,1.55761181903215e-07,-1.87411572793958e-07,-0.0495547047887641,0.306616668996848,6.67615733716565e-08,-2.89707983268419e-08,-0.186467357290553,1.04828520511098,-4.32660779640055e-06,-5.64189893120604e-06,-0.0423565198472442,-0.107445056932412,-8.15916624508061e-07,-1.20804183615931e-06,-0.0566685923013263,-0.178513429368476,3.79029360979211e-07,7.27109029285876e-07,-0.00777053340456112,-0.0964136415675697,-6.05966094949704e-07,-6.95349498546327e-07,-0.0480636481138042,-0.14603743900712,-5.69696277326148e-08,-2.18918099481958e-07,-0.129212783879887,-0.462408436587384
240724165,-2.5896824721498e-06,-2.06718613188161e-06,0.232613194275923,0.155944715658593,-1.23632811728765e-06,-8.88887199000678e-07,0.470876383473092,0.306240814332693,-4.71811615091027e-07,-3.45728500862398e-07,0.508563015174561,0.383284452769867,-2.28138244969729e-07,-2.79646086060588e-07,0.542627428182537,0.399863285125853,-4.59947212810239e-08,-3.14687907690022e-08,1.1201721131292,0.87129349238132,-7.52783795697977e-06,-4.89586658402505e-06,0.0131501016459429,0.158208421641936,-3.63411758993896e-06,-2.13191924774431e-06,0.0244504707811364,0.333791288181871,-1.75619885414587e-06,-7.26310356599419e-07,0.0294009092492856,0.415664293617832,-1.30996841434968e-06,-9.36156627372466e-07,0.0232434877628333,0.44774909668948,-2.49969340824141e-07,-1.67552427061713e-07,0.0253822437543562,1.17010266464347
240724166,-7.17440504650906e-07,-3.63025606546898e-07,0.375758726712163,-0.0788556150529349,-6.67918241290932e-08,-2.87996254961351e-07,0.724339184125689,-0.117836608608753,5.49441931202442e-07,-4.70349959978353e-07,0.349708610046981,-0.164753992298125,3.27140542785143e-08,-2.0227661238817e-07,0.613098912502115,-0.111006296884601,1.77314581418367e-08,-1.37305652677672e-08,2.12740830921186,-0.646355325834778,-5.47989653011062e-06,-2.93175205418937e-06,0.193802924893336,-0.0253140773033648,-1.54862422051815e-06,-9.26535265365824e-07,0.378653081654789,-0.0409535001111622,-1.70942483751906e-07,-5.84607041394109e-07,0.23538180826191,-0.0720013523395795,-5.08025263217174e-07,-1.34888967452931e-07,0.343342301068793,-0.0646386344657972,-6.24854558949287e-08,-1.05005320645916e-07,1.29159469995111,-0.281601090971924
240724167,-6.79836431678079e-06,-6.48499626312468e-06,0.11912391749945,-0.0267862134477084,-2.69182963199214e-06,-4.60630376000393e-06,0.176427851437843,-0.0721889566064421,-8.46008611836164e-07,-2.11666769582633e-06,0.208976598985819,-0.0911692843578518,-5.64845883470315e-07,-4.95130909038801e-07,0.361542362467359,-0.0618347552579476,-8.50459991608672e-07,-9.69394469617479e-07,1.02267411649147,-0.12741170796539,-1.32149507724127e-05,-1.11700092576458e-05,0.349094078337525,-0.0721605872929594,3.20461848392294e-06,6.31327336487739e-09,0.598257344133831,-0.123175602302026,-3.02998641407712e-06,-7.4903702125734e-07,0.758140138284416,-0.15247145480534,-3.85162738894966e-07,1.46596927618727e-06,0.986238265434812,-0.188202903953642,-4.34473069401242e-07,-2.7372888370282e-07,2.5488701468441,-0.481791634853954
